Unnamed: 0,month_date_yyyymm,county_name,median_listing_price,active_listing_count,median_days_on_market,new_listing_count,price_increased_count,price_reduced_count,median_listing_price_per_square_foot,median_square_feet,average_listing_price,total_listing_count
,202403,"hampshire, ma",499700,90,26,80,0,16,294,1800,592612,110
,202403,"norfolk, ma",972498,493,22,628,4,124,466,2206,1665330,622
,202403,"suffolk, ma",1099900,946,33,720,4,200,955,1310,2164268,1056
,202403,"barnstable, ma",985000,641,52,480,8,132,568,1920,1762297,1100
,202403,"essex, ma",799900,379,18,564,4,72,414,2015,1207914,525
,202403,"middlesex, ma",1077000,1036,17,1428,16,248,495,2136,1545640,1284
,202403,"nantucket, ma",4750000,109,116,20,4,4,1685,3138,6756455,110
,202403,"plymouth, ma",690000,475,30,516,16,120,373,1889,1011563,614
,202403,"berkshire, ma",499000,244,74,96,0,36,263,1863,1030653,379
,202403,"dukes, ma",2450000,135,139,32,0,8,1105,2337,3930340,158
,202403,"worcester, ma",525000,542,22,696,8,128,292,1821,628182,708
,202403,"bristol, ma",541450,338,30,356,4,80,306,1856,652358,439
,202403,"hampden, ma",324900,249,23,312,4,76,219,1580,401846,332
,202403,"franklin, ma",389000,47,60,36,0,8,222,1590,883684,57
,202402,"middlesex, ma",1058724,857,26,934,6,166,485,2110,1500198,1069
,202402,"norfolk, ma",899950,447,30,452,8,84,464,2087,1572723,557
,202402,"nantucket, ma",4162700,90,121,18,4,4,1683,3088,6794568,91
,202402,"berkshire, ma",469975,251,92,68,0,34,259,1867,981238,375
,202402,"hampden, ma",307494,246,32,246,2,76,218,1535,383438,311
,202402,"essex, ma",749950,364,26,400,4,60,418,1923,1195281,464
,202402,"suffolk, ma",1099500,809,39,512,10,100,999,1325,2229584,922
,202402,"bristol, ma",531000,338,38,248,6,88,309,1821,647150,441
,202402,"franklin, ma",384875,48,47,36,0,10,222,1698,853136,60
,202402,"dukes, ma",2436250,138,130,28,0,4,1099,2367,3871615,156
,202402,"worcester, ma",532445,505,29,528,12,106,288,1820,618346,656
,202402,"barnstable, ma",915725,603,77,344,4,112,546,1875,1700646,984
,202402,"hampshire, ma",533725,94,52,72,0,22,285,1825,575844,116
,202402,"plymouth, ma",672550,456,39,374,16,108,365,1896,952598,587
,202401,"berkshire, ma",450000,270,87,76,0,40,255,1849,937190,396
,202401,"hampden, ma",320925,278,45,248,0,82,220,1540,383699,342
,202401,"bristol, ma",549450,385,57,260,12,92,308,1873,644094,460
,202401,"worcester, ma",525000,533,45,436,16,126,281,1872,591566,651
,202401,"essex, ma",799000,356,54,358,2,64,407,1992,1219888,437
,202401,"middlesex, ma",962948,875,45,846,14,180,467,2077,1394606,1038
,202401,"suffolk, ma",1062500,776,64,478,6,104,937,1344,2133653,857
,202401,"dukes, ma",2555000,147,121,14,0,10,1109,2414,3950163,167
,202401,"barnstable, ma",929950,592,82,262,2,90,545,1856,1706350,938
,202401,"plymouth, ma",664900,482,49,320,8,118,362,1883,910271,589
,202401,"hampshire, ma",484225,108,57,70,0,22,283,1727,553005,129
,202401,"norfolk, ma",839450,460,47,392,8,80,447,1910,1414476,548
,202401,"franklin, ma",375750,61,66,40,2,14,208,1692,809043,75
,202401,"nantucket, ma",4696000,89,114,12,0,2,1684,3162,6973891,92
,202312,"hampshire, ma",493500,114,58,48,0,16,286,1800,564265,140
,202312,"berkshire, ma",482000,330,73,64,0,60,254,1891,940243,464
,202312,"norfolk, ma",850000,559,50,256,8,84,438,1984,1413888,659
,202312,"essex, ma",739900,493,50,288,0,100,395,2020,1201257,607
,202312,"hampden, ma",316950,340,38,244,8,92,214,1564,380982,420
,202312,"barnstable, ma",882000,705,71,200,0,108,529,1828,1634152,1087
,202312,"middlesex, ma",954500,1008,50,520,12,180,470,2109,1428145,1207
,202312,"suffolk, ma",999000,913,67,204,0,84,893,1350,2059702,1002
,202312,"dukes, ma",2692500,171,104,16,0,8,1232,2407,4131294,192
,202312,"bristol, ma",539900,436,46,208,4,100,306,1910,642810,518
,202312,"nantucket, ma",4995000,114,97,12,0,0,1604,3169,6913019,120
,202312,"franklin, ma",399900,69,59,32,0,12,207,1776,788367,82
,202312,"worcester, ma",524900,655,43,424,8,184,283,1874,592344,812
,202312,"plymouth, ma",652500,567,47,296,4,108,354,1839,894446,675
,202311,"franklin, ma",412500,88,37,40,0,12,214,1893,743875,104
,202311,"hampden, ma",325000,392,32,320,2,158,213,1589,383578,481
,202311,"nantucket, ma",4995000,127,94,14,4,20,1624,3174,6869831,135
,202311,"norfolk, ma",861500,730,35,496,10,250,441,2032,1444151,860
,202311,"middlesex, ma",962475,1380,35,946,8,498,460,2202,1436432,1607
,202311,"berkshire, ma",524975,355,68,112,0,86,262,1885,952578,507
,202311,"worcester, ma",499900,813,30,650,12,328,277,1877,582773,985
,202311,"hampshire, ma",479975,146,44,78,0,44,280,1792,541006,170
,202311,"suffolk, ma",992000,1195,52,354,8,314,871,1318,1924021,1285
,202311,"plymouth, ma",697000,629,38,408,8,178,355,2073,977395,763
,202311,"bristol, ma",549900,487,34,352,0,156,306,1908,645965,591
,202311,"essex, ma",726000,664,30,572,4,268,389,1969,1099964,802
,202311,"dukes, ma",2764600,200,93,26,0,22,1248,2413,4227689,218
,202311,"barnstable, ma",874750,846,53,294,2,244,533,1771,1573816,1323
,202310,"hampshire, ma",499000,150,35,116,0,46,267,1800,548274,180
,202310,"middlesex, ma",959925,1439,31,1184,16,604,464,2227,1436779,1695
,202310,"plymouth, ma",699900,642,31,512,6,232,363,2081,1001847,782
,202310,"franklin, ma",399450,88,33,70,0,30,212,1987,761492,105
,202310,"suffolk, ma",992000,1273,39,586,4,356,889,1317,1966253,1380
,202310,"nantucket, ma",5048749,139,75,32,0,26,1624,3236,6926583,148
,202310,"norfolk, ma",869450,720,30,596,10,318,439,2037,1420951,856
,202310,"essex, ma",765944,655,24,642,8,234,389,2023,1140742,806
,202310,"hampden, ma",327450,405,28,350,0,208,209,1662,395177,495
,202310,"worcester, ma",507500,799,25,754,10,364,275,1880,595887,981
,202310,"bristol, ma",549900,470,31,394,4,182,305,1922,672193,582
,202310,"berkshire, ma",522000,356,68,142,0,98,267,1927,964990,535
,202310,"dukes, ma",2872475,207,81,34,0,34,1262,2452,4380673,237
,202310,"barnstable, ma",897000,852,49,440,4,288,532,1852,1580307,1389
,202309,"hampshire, ma",515725,141,26,136,0,52,273,1829,553906,173
,202309,"plymouth, ma",700000,603,32,500,8,208,360,2124,1011434,747
,202309,"franklin, ma",392450,76,44,44,0,24,216,1993,845171,94
,202309,"barnstable, ma",939000,762,49,508,8,220,541,1891,1668834,1337
,202309,"nantucket, ma",5200000,132,61,36,0,24,1633,3448,7092371,142
,202309,"worcester, ma",510000,770,25,764,12,304,272,1895,599240,958
,202309,"essex, ma",797000,591,22,740,0,184,392,2035,1213686,731
,202309,"suffolk, ma",989000,1158,46,728,4,336,901,1300,2018188,1277
,202309,"norfolk, ma",899000,665,30,668,8,192,442,2124,1463483,806
,202309,"berkshire, ma",522450,365,53,108,0,96,277,1935,992913,581
,202309,"bristol, ma",550000,434,31,404,8,128,303,1980,691862,541
,202309,"middlesex, ma",968500,1364,24,1524,20,500,469,2230,1434889,1617
,202309,"dukes, ma",2810000,194,75,52,0,44,1269,2338,4441180,231
,202309,"hampden, ma",332450,353,29,372,0,156,210,1670,405884,463
,202308,"dukes, ma",2776800,189,68,48,0,34,1222,2277,4299871,221
,202308,"nantucket, ma",4995000,129,59,38,0,18,1631,3453,7002926,137
,202308,"essex, ma",794450,533,24,626,4,128,387,2096,1211469,661
,202308,"barnstable, ma",924950,719,54,424,6,214,544,1884,1769266,1265
,202308,"franklin, ma",359900,80,35,58,0,16,218,1640,782923,99
,202308,"plymouth, ma",722000,567,30,542,10,160,368,2079,1018377,731
,202308,"norfolk, ma",881950,600,32,504,18,174,428,2234,1453400,730
,202308,"suffolk, ma",993500,1075,59,462,8,220,917,1290,2099780,1176
,202308,"hampshire, ma",523500,136,35,128,2,42,273,1841,557655,166
,202308,"worcester, ma",519925,704,19,816,2,224,274,1882,601853,891
,202308,"berkshire, ma",519675,365,50,184,2,118,279,1985,1011323,605
,202308,"hampden, ma",339950,341,23,416,6,134,209,1673,408020,452
,202308,"bristol, ma",550000,400,25,436,10,98,305,2000,700664,526
,202308,"middlesex, ma",966225,1201,31,1062,26,328,461,2196,1396500,1423
,202307,"plymouth, ma",705000,557,32,476,8,152,367,2025,974400,738
,202307,"bristol, ma",549950,365,30,400,0,108,305,2000,712632,497
,202307,"hampshire, ma",524950,137,24,104,0,44,272,1800,560927,171
,202307,"suffolk, ma",999450,1124,50,468,4,220,927,1330,2083551,1261
,202307,"barnstable, ma",949000,688,52,376,8,212,552,1884,1738145,1214
,202307,"nantucket, ma",5150000,117,67,40,0,8,1585,3475,6687419,124
,202307,"franklin, ma",362450,67,29,64,0,12,219,1657,810052,87
,202307,"norfolk, ma",895000,601,31,540,12,160,440,2268,1510070,750
,202307,"middlesex, ma",990000,1210,31,1072,12,332,466,2227,1404789,1478
,202307,"essex, ma",799000,506,25,556,0,132,384,2130,1217425,662
,202307,"hampden, ma",349900,319,21,412,0,116,207,1720,415426,409
,202307,"berkshire, ma",525000,337,46,160,0,76,279,1997,1036142,556
,202307,"dukes, ma",2795000,164,60,56,0,24,1162,2420,3906215,204
,202307,"worcester, ma",529900,629,24,704,8,188,275,1945,615012,817
,202306,"middlesex, ma",980944,1373,20,1680,16,420,463,2224,1397983,1667
,202306,"hampshire, ma",539450,124,23,148,2,16,279,1800,569929,177
,202306,"berkshire, ma",496000,308,42,168,0,76,270,1966,1004764,521
,202306,"bristol, ma",549950,405,25,488,2,100,302,1929,728133,550
,202306,"dukes, ma",2772500,142,56,68,0,14,1163,2292,3841700,178
,202306,"nantucket, ma",4995000,111,54,22,0,12,1590,3395,6419061,117
,202306,"essex, ma",799450,543,17,764,6,152,381,2152,1199989,717
,202306,"worcester, ma",527450,675,18,924,8,210,275,1967,616381,890
,202306,"suffolk, ma",997000,1228,41,704,2,334,928,1309,1989957,1377
,202306,"franklin, ma",382425,64,21,62,0,16,225,1815,815474,81
,202306,"norfolk, ma",941975,652,24,854,18,210,440,2358,1576664,826
,202306,"plymouth, ma",707450,549,26,614,12,132,367,2024,976656,736
,202306,"barnstable, ma",939500,677,45,422,12,160,560,1905,1722181,1218
,202306,"hampden, ma",345400,290,18,378,0,86,214,1680,417028,395
,202305,"suffolk, ma",1024500,1125,38,772,6,294,956,1321,2022435,1296
,202305,"plymouth, ma",694000,504,27,582,10,122,364,1966,975439,702
,202305,"bristol, ma",559950,381,25,432,6,106,303,1921,745404,532
,202305,"dukes, ma",2511250,122,55,54,0,24,1130,2090,3509411,149
,202305,"middlesex, ma",995000,1186,17,1626,22,338,461,2279,1427746,1516
,202305,"nantucket, ma",4880000,107,43,38,0,8,1574,3163,6247676,108
,202305,"hampden, ma",344175,291,18,390,2,110,212,1615,389652,397
,202305,"franklin, ma",367200,55,13,78,0,6,223,1742,886254,72
,202305,"worcester, ma",528698,625,17,900,14,162,276,1981,611097,853
,202305,"norfolk, ma",924925,606,18,772,8,172,433,2333,1550927,796
,202305,"hampshire, ma",553650,127,26,138,0,28,282,1798,566168,168
,202305,"barnstable, ma",923000,620,41,474,6,146,565,1892,1712909,1169
,202305,"berkshire, ma",507450,269,45,172,2,68,274,2016,1022174,456
,202305,"essex, ma",789450,467,15,710,10,108,379,2102,1195032,627
,202304,"hampshire, ma",545000,122,25,140,0,12,282,1800,555754,160
,202304,"hampden, ma",325000,276,18,380,0,76,212,1622,380579,369
,202304,"plymouth, ma",679750,475,32,476,12,124,358,1920,920192,675
,202304,"middlesex, ma",950000,1131,18,1684,20,268,464,2200,1404002,1427
,202304,"suffolk, ma",998000,1045,32,760,4,240,943,1319,2028320,1165
,202304,"barnstable, ma",895000,551,46,436,8,112,539,1928,1729764,1050
,202304,"nantucket, ma",4335000,76,115,28,0,4,1387,3229,6360393,79
,202304,"worcester, ma",524990,577,19,820,20,100,275,1942,606876,743
,202304,"dukes, ma",2450000,103,103,36,0,8,1140,2024,3406659,136
,202304,"bristol, ma",549000,374,31,392,12,68,307,1807,727245,485
,202304,"norfolk, ma",887000,569,25,724,12,124,429,2201,1497304,716
,202304,"franklin, ma",355000,42,69,44,0,12,214,1580,976352,51
,202304,"essex, ma",725000,433,17,680,0,100,379,2000,1160564,577
,202304,"berkshire, ma",485000,249,44,152,0,36,267,1932,932455,381
,202303,"hampshire, ma",498750,115,38,82,2,22,276,1807,537095,143
,202303,"suffolk, ma",993750,905,36,652,6,162,918,1319,1990348,1018
,202303,"hampden, ma",311050,268,32,274,0,92,206,1613,361482,351
,202303,"franklin, ma",303575,40,75,30,0,4,178,1745,980657,51
,202303,"middlesex, ma",957495,1011,20,1288,18,242,462,2177,1439371,1264
,202303,"berkshire, ma",509500,203,72,104,0,28,277,1895,1121234,337
,202303,"bristol, ma",500225,363,40,316,6,88,302,1743,707971,463
,202303,"barnstable, ma",872450,507,56,488,8,94,520,1894,1702484,1014
,202303,"nantucket, ma",4211250,69,128,14,0,6,1364,3141,6603657,74
,202303,"worcester, ma",517400,498,29,612,18,104,275,1898,583297,655
,202303,"plymouth, ma",649000,506,32,516,14,102,350,1839,833769,655
,202303,"dukes, ma",2362500,97,125,36,0,8,1136,1940,3135270,139
,202303,"essex, ma",699950,357,21,472,4,62,373,2024,1125290,472
,202303,"norfolk, ma",897000,527,25,626,12,98,427,2237,1459053,653
,202302,"plymouth, ma",649000,466,55,380,18,108,344,1826,788395,603
,202302,"middlesex, ma",939500,907,30,886,16,176,451,2146,1404493,1116
,202302,"worcester, ma",507400,512,41,458,20,102,275,1900,576996,658
,202302,"dukes, ma",2481000,105,130,28,0,2,1128,2400,3796455,146
,202302,"nantucket, ma",4272500,68,113,18,0,4,1242,3498,6666120,72
,202302,"franklin, ma",308500,50,86,30,0,20,204,1746,877104,61
,202302,"hampden, ma",297450,307,30,266,0,114,203,1534,343503,395
,202302,"suffolk, ma",951250,801,39,490,8,142,886,1325,2010576,912
,202302,"barnstable, ma",874975,505,84,418,4,90,529,1926,1590661,1034
,202302,"essex, ma",697000,361,30,380,4,82,362,1974,1053378,479
,202302,"hampshire, ma",519500,104,86,58,0,14,266,1822,541497,129
,202302,"bristol, ma",499900,372,40,306,2,100,291,1793,679959,477
,202302,"norfolk, ma",849498,485,34,472,8,110,411,2173,1391214,630
,202302,"berkshire, ma",476675,205,95,96,2,22,251,1875,1159235,336
,202301,"dukes, ma",2496250,113,133,18,0,16,1106,2434,4025680,146
,202301,"plymouth, ma",634225,517,66,318,14,106,339,1830,748106,615
,202301,"essex, ma",661175,429,42,434,2,102,359,1968,1002068,540
,202301,"berkshire, ma",470725,213,98,58,0,38,247,1908,1059000,331
,202301,"franklin, ma",323200,61,82,18,0,14,200,1801,611271,72
,202301,"nantucket, ma",4283750,67,110,16,0,8,1307,3462,6456823,69
,202301,"hampshire, ma",489900,138,72,60,0,42,246,1800,533792,158
,202301,"worcester, ma",482450,616,50,502,6,150,268,1870,553901,745
,202301,"norfolk, ma",792300,521,56,410,10,124,398,2023,1296461,623
,202301,"hampden, ma",294900,332,44,296,6,112,201,1564,349483,404
,202301,"middlesex, ma",894998,958,52,786,12,230,432,2119,1298079,1137
,202301,"suffolk, ma",897450,790,73,408,6,112,833,1273,1884418,863
,202301,"barnstable, ma",824000,535,80,228,4,100,509,1824,1478748,948
,202301,"bristol, ma",479900,407,50,284,10,136,287,1771,627026,481
,202212,"suffolk, ma",874999,935,67,192,8,128,804,1268,1750496,1018
,202212,"hampden, ma",299987,363,44,216,0,92,204,1619,361857,422
,202212,"barnstable, ma",775000,660,71,192,4,88,488,1830,1433581,1130
,202212,"plymouth, ma",625000,632,53,296,0,168,333,1885,776484,766
,202212,"nantucket, ma",4295000,81,138,8,0,0,1489,3229,6308575,86
,202212,"middlesex, ma",869000,1172,51,520,8,220,427,2049,1254539,1372
,202212,"norfolk, ma",774950,633,55,208,4,116,406,1998,1226613,743
,202212,"worcester, ma",469800,678,52,392,8,136,260,1850,551118,830
,202212,"hampshire, ma",492900,147,58,52,0,16,256,1800,551187,174
,202212,"berkshire, ma",447000,255,82,56,0,20,237,1906,963607,412
,202212,"dukes, ma",2549500,139,120,8,0,8,1166,2468,4322548,177
,202212,"bristol, ma",475000,465,45,212,0,144,284,1774,622209,564
,202212,"franklin, ma",337000,77,59,36,0,8,202,1728,406330,99
,202212,"essex, ma",675000,494,52,220,0,92,358,1986,1018096,586
,202211,"plymouth, ma",626000,799,38,472,6,320,330,1893,783298,970
,202211,"suffolk, ma",849500,1275,51,426,4,364,781,1256,1612306,1364
,202211,"franklin, ma",341250,107,45,36,0,38,201,1739,435673,122
,202211,"essex, ma",654900,687,32,532,4,270,358,1984,1041043,831
,202211,"hampshire, ma",471175,159,48,102,0,40,260,1765,539598,191
,202211,"barnstable, ma",798000,829,51,324,2,260,488,1858,1432258,1400
,202211,"berkshire, ma",447000,300,70,80,0,54,239,1882,930557,498
,202211,"dukes, ma",2500000,150,100,28,0,14,1145,2469,4200935,189
,202211,"norfolk, ma",768450,876,38,530,4,340,408,1904,1198324,1000
,202211,"bristol, ma",472500,538,38,328,4,238,279,1756,612609,666
,202211,"hampden, ma",314175,415,37,292,2,178,202,1637,369983,496
,202211,"middlesex, ma",849900,1607,38,942,10,596,437,2009,1254042,1874
,202211,"worcester, ma",462400,904,37,624,12,408,254,1879,542645,1077
,202211,"nantucket, ma",4416250,96,119,16,2,12,1486,3112,6417197,102
,202210,"middlesex, ma",819250,1769,29,1404,8,856,428,2000,1226596,2100
,202210,"worcester, ma",465000,936,32,828,12,404,254,1891,543556,1135
,202210,"bristol, ma",469900,571,32,456,4,244,277,1762,615485,703
,202210,"plymouth, ma",622450,807,32,612,4,380,335,1859,805160,996
,202210,"hampden, ma",314900,446,35,400,0,216,204,1638,371401,559
,202210,"essex, ma",689000,698,25,660,4,308,353,2034,1057732,886
,202210,"dukes, ma",2599000,147,89,32,0,20,1117,2486,4451459,192
,202210,"norfolk, ma",769900,877,32,636,4,356,406,1974,1194181,1022
,202210,"barnstable, ma",775000,860,49,456,8,308,471,1887,1408098,1490
,202210,"franklin, ma",349900,108,46,76,0,36,202,1717,455793,127
,202210,"nantucket, ma",4595000,104,99,12,0,20,1542,3273,6660237,111
,202210,"hampshire, ma",472200,173,45,112,4,60,258,1800,554576,209
,202210,"suffolk, ma",849000,1351,37,624,8,468,786,1254,1554858,1464
,202210,"berkshire, ma",449000,348,61,132,0,100,250,1843,904402,569
,202209,"middlesex, ma",801575,1706,29,1840,18,694,427,2000,1202930,1984
,202209,"worcester, ma",459900,917,31,814,16,358,254,1877,544014,1128
,202209,"suffolk, ma",827600,1271,46,900,6,352,814,1232,1529255,1379
,202209,"nantucket, ma",4273750,125,80,22,2,28,1582,3080,6336229,133
,202209,"plymouth, ma",628675,748,33,646,8,272,336,1867,811257,923
,202209,"norfolk, ma",749900,841,32,744,10,324,398,1959,1160515,1004
,202209,"hampshire, ma",459925,197,35,154,0,48,252,1800,526057,237
,202209,"berkshire, ma",439500,349,53,154,4,80,255,1805,936813,591
,202209,"bristol, ma",474475,533,33,510,6,206,280,1754,632923,677
,202209,"dukes, ma",2566250,152,82,32,0,28,1130,2481,4416587,197
,202209,"hampden, ma",315000,466,32,424,4,208,202,1628,373748,582
,202209,"franklin, ma",354700,96,44,64,2,24,202,1892,461266,118
,202209,"barnstable, ma",797000,810,53,512,8,298,466,1932,1470803,1499
,202209,"essex, ma",699675,695,26,726,6,218,359,2070,1042159,851
,202208,"plymouth, ma",629675,751,33,590,6,288,339,1909,817449,953
,202208,"middlesex, ma",799000,1608,31,1200,16,548,416,2001,1172094,1938
,202208,"norfolk, ma",747498,780,33,630,10,268,392,1989,1189816,943
,202208,"berkshire, ma",458225,336,49,138,2,96,252,1905,927374,607
,202208,"essex, ma",699948,715,26,732,6,242,361,2028,1038494,907
,202208,"franklin, ma",359225,90,46,66,0,30,205,1821,464495,112
,202208,"barnstable, ma",799900,783,47,456,6,260,472,1975,1489693,1508
,202208,"dukes, ma",2595000,158,67,44,0,30,1126,2447,4342632,203
,202208,"hampden, ma",299900,480,28,464,4,208,201,1635,365999,636
,202208,"hampshire, ma",452225,197,46,148,2,56,254,1797,522692,238
,202208,"nantucket, ma",4250000,137,62,22,0,40,1600,2833,6328973,145
,202208,"suffolk, ma",799000,1210,50,474,8,306,796,1200,1418840,1324
,202208,"bristol, ma",461200,553,31,500,8,220,282,1715,600513,715
,202208,"worcester, ma",469675,967,30,940,10,366,254,1912,548556,1223
,202207,"franklin, ma",339900,92,30,56,0,28,209,1717,442647,114
,202207,"suffolk, ma",821750,1389,39,656,8,376,822,1198,1393302,1513
,202207,"barnstable, ma",825000,755,38,512,12,200,479,1920,1467633,1473
,202207,"dukes, ma",2750000,144,60,40,0,36,1127,2486,4528686,189
,202207,"middlesex, ma",799000,1711,24,1688,16,656,414,2044,1170378,2054
,202207,"norfolk, ma",754950,819,24,688,8,292,394,2000,1199958,987
,202207,"worcester, ma",470000,1004,22,1048,12,368,254,1904,546270,1248
,202207,"nantucket, ma",4295000,133,49,48,0,32,1679,3137,6800565,141
,202207,"essex, ma",699995,761,23,812,0,276,363,2051,1030149,976
,202207,"bristol, ma",485450,538,25,488,4,224,282,1764,605338,710
,202207,"hampshire, ma",475000,189,34,156,0,40,250,1813,532975,236
,202207,"plymouth, ma",639000,777,24,696,8,320,339,1939,862122,976
,202207,"hampden, ma",299900,485,23,532,4,196,198,1658,368657,611
,202207,"berkshire, ma",449450,350,38,204,0,76,251,1844,877778,607
,202206,"hampshire, ma",483500,166,23,230,0,46,248,1854,537088,216
,202206,"worcester, ma",472400,824,16,1330,14,298,253,1898,552135,1090
,202206,"essex, ma",699950,673,13,1084,6,228,359,2053,1042788,895
,202206,"barnstable, ma",848500,644,32,612,10,228,503,1884,1514105,1396
,202206,"hampden, ma",322500,410,18,550,4,158,198,1735,386393,540
,202206,"nantucket, ma",4497250,104,57,58,0,14,1784,2932,6665055,117
,202206,"norfolk, ma",789491,778,17,1160,12,306,400,2043,1232426,996
,202206,"suffolk, ma",839725,1406,31,976,4,532,850,1209,1492063,1571
,202206,"dukes, ma",2986250,133,57,40,0,20,1157,2549,4545206,162
,202206,"middlesex, ma",809250,1674,14,2564,28,688,422,2049,1190983,2060
,202206,"bristol, ma",491175,474,17,660,2,214,287,1770,593708,653
,202206,"franklin, ma",326225,73,16,100,0,18,213,1645,454061,90
,202206,"plymouth, ma",644450,609,17,850,4,228,338,1918,862109,825
,202206,"berkshire, ma",461250,281,34,202,0,62,261,1897,915448,515
,202205,"essex, ma",722496,486,10,940,4,154,359,2140,1091431,721
,202205,"nantucket, ma",4495000,88,46,38,0,20,1686,2891,6532050,97
,202205,"berkshire, ma",447225,244,35,202,4,48,250,1899,881658,475
,202205,"plymouth, ma",624950,483,13,774,4,154,345,1892,832595,692
,202205,"franklin, ma",367225,51,19,70,0,14,222,1556,448131,68
,202205,"dukes, ma",2968750,113,62,46,0,12,1138,2458,4412902,147
,202205,"worcester, ma",494975,651,13,1132,16,196,264,1927,567149,911
,202205,"hampden, ma",307500,324,12,568,4,108,198,1694,374565,451
,202205,"norfolk, ma",812498,631,12,1100,24,160,404,2047,1347540,868
,202205,"suffolk, ma",874950,1214,28,1090,10,338,917,1218,1608657,1424
,202205,"hampshire, ma",477425,127,24,176,0,22,250,1813,548656,186
,202205,"middlesex, ma",805000,1218,10,2246,20,370,425,2054,1237754,1637
,202205,"bristol, ma",477500,381,17,526,4,136,288,1738,571600,558
,202205,"barnstable, ma",854500,527,31,564,10,116,511,1869,1614580,1248
,202204,"middlesex, ma",800000,996,10,2436,32,180,429,1918,1242112,1297
,202204,"essex, ma",649900,397,6,1000,4,80,357,2000,1018076,589
,202204,"norfolk, ma",799000,530,11,1220,20,76,427,1847,1373392,722
,202204,"barnstable, ma",799948,414,36,552,20,68,499,1788,1674882,1126
,202204,"franklin, ma",352495,42,27,76,0,4,204,1684,419924,62
,202204,"berkshire, ma",425000,199,40,152,4,32,221,1842,998477,416
,202204,"hampden, ma",314679,241,14,576,4,68,199,1707,382070,369
,202204,"nantucket, ma",4445000,65,32,40,0,4,1689,2685,6274911,73
,202204,"hampshire, ma",437450,105,19,196,0,16,249,1759,553624,155
,202204,"dukes, ma",2962500,93,72,24,0,8,1120,2451,4024178,135
,202204,"plymouth, ma",582500,366,16,760,8,92,346,1800,821528,550
,202204,"worcester, ma",469900,502,10,1252,24,92,265,1876,561373,721
,202204,"suffolk, ma",878250,1045,26,1132,12,240,911,1217,1622896,1276
,202204,"bristol, ma",489900,325,17,592,8,76,285,1757,611879,490
,202203,"berkshire, ma",449900,195,64,120,4,24,230,1882,1011135,380
,202203,"dukes, ma",2880375,83,117,34,0,10,1112,2420,3990342,125
,202203,"franklin, ma",359945,39,27,70,0,4,218,1496,422737,57
,202203,"suffolk, ma",879450,893,31,1138,22,150,903,1204,1638276,1131
,202203,"middlesex, ma",806646,803,10,2026,28,130,440,1916,1295109,1174
,202203,"hampshire, ma",423425,87,20,224,0,18,242,1716,539518,129
,202203,"plymouth, ma",573500,307,20,766,14,56,337,1786,778817,494
,202203,"worcester, ma",457500,411,13,1136,16,64,257,1818,539667,628
,202203,"barnstable, ma",849675,370,45,460,10,48,507,1884,1726101,1008
,202203,"nantucket, ma",4547500,48,105,10,0,0,1596,3018,6275580,56
,202203,"essex, ma",647475,311,10,950,6,34,361,1943,971681,485
,202203,"bristol, ma",479900,278,23,602,12,56,286,1776,619945,434
,202203,"hampden, ma",287175,221,22,638,6,46,192,1607,358158,366
,202203,"norfolk, ma",794450,411,15,1050,18,62,429,1900,1359737,583
,202202,"nantucket, ma",4486250,47,116,16,0,0,1548,2915,6431929,55
,202202,"plymouth, ma",591925,290,32,394,16,46,331,1784,784242,433
,202202,"franklin, ma",371175,44,45,38,0,2,232,1550,444645,53
,202202,"barnstable, ma",849500,360,71,338,8,52,497,1894,1735270,949
,202202,"middlesex, ma",814473,634,17,1162,30,86,441,1841,1267106,865
,202202,"norfolk, ma",765725,363,21,596,16,48,432,1871,1217711,507
,202202,"dukes, ma",3196250,83,113,24,0,4,1150,2691,4526055,123
,202202,"berkshire, ma",439225,201,95,88,2,20,241,1865,977742,383
,202202,"bristol, ma",499225,284,30,398,16,60,288,1784,622167,407
,202202,"suffolk, ma",875750,782,33,724,6,108,897,1213,1653047,949
,202202,"worcester, ma",450000,402,25,624,28,58,258,1813,527232,537
,202202,"hampshire, ma",429975,81,30,94,0,14,237,1756,555401,113
,202202,"hampden, ma",282497,233,20,350,4,52,196,1579,352937,341
,202202,"essex, ma",654922,279,19,498,12,40,358,1915,1010130,394
,202201,"dukes, ma",2985000,90,123,16,0,4,1106,2648,4145088,125
,202201,"middlesex, ma",764000,574,43,792,8,76,417,1838,1154459,756
,202201,"bristol, ma",480000,285,38,288,4,56,279,1740,610797,399
,202201,"franklin, ma",309000,45,56,20,0,4,207,1664,427315,56
,202201,"hampshire, ma",465000,95,61,72,0,20,240,1867,553520,127
,202201,"nantucket, ma",3950000,46,124,8,0,0,1428,2813,6073735,55
,202201,"barnstable, ma",849000,387,88,304,24,44,473,1847,1613059,967
,202201,"hampden, ma",275000,248,44,264,0,44,191,1541,350962,348
,202201,"worcester, ma",430000,432,44,448,24,72,249,1780,504428,565
,202201,"suffolk, ma",899000,783,75,532,4,104,898,1215,1771830,898
,202201,"norfolk, ma",748750,353,43,440,12,48,407,1827,1141966,454
,202201,"plymouth, ma",574500,328,45,368,4,52,329,1766,778643,454
,202201,"berkshire, ma",430950,242,103,84,4,20,232,1854,911018,438
,202201,"essex, ma",599900,307,41,384,4,36,355,1736,1035839,402
,202112,"plymouth, ma",577575,415,37,376,14,80,314,1875,749724,584
,202112,"hampshire, ma",459825,126,64,90,0,22,231,1846,558079,166
,202112,"worcester, ma",415625,570,38,508,22,110,241,1768,489193,759
,202112,"barnstable, ma",825000,487,85,244,16,50,469,1864,1548261,1252
,202112,"nantucket, ma",3995000,69,107,10,0,2,1421,2847,5617030,81
,202112,"middlesex, ma",739675,791,42,644,8,158,404,1833,1097025,1051
,202112,"suffolk, ma",832000,1060,69,282,10,164,837,1201,1579586,1196
,202112,"dukes, ma",2572500,97,102,12,0,6,1048,2479,3988041,149
,202112,"hampden, ma",267450,316,34,334,4,74,186,1569,356919,437
,202112,"norfolk, ma",708950,471,44,390,12,84,393,1825,1100700,606
,202112,"franklin, ma",318000,59,47,46,0,14,202,1700,395224,77
,202112,"berkshire, ma",422475,302,79,60,0,44,228,1846,831083,538
,202112,"essex, ma",579450,365,36,338,12,68,347,1727,974495,524
,202112,"bristol, ma",449900,354,36,326,4,62,260,1796,607623,503
,202111,"franklin, ma",321000,71,39,56,0,12,196,1736,416112,94
,202111,"essex, ma",568721,566,26,652,6,162,337,1746,865831,791
,202111,"worcester, ma",404950,760,32,818,12,212,235,1827,480390,1031
,202111,"suffolk, ma",795000,1438,52,566,10,384,780,1181,1468160,1607
,202111,"bristol, ma",449900,453,29,436,6,140,265,1780,589613,644
,202111,"barnstable, ma",782450,618,67,386,10,108,451,1804,1474219,1536
,202111,"berkshire, ma",426175,377,69,112,2,56,220,1921,822829,657
,202111,"hampshire, ma",450000,170,39,120,0,36,236,1773,537411,216
,202111,"norfolk, ma",699924,680,35,618,24,190,391,1818,1070447,861
,202111,"hampden, ma",270400,367,27,354,2,110,187,1562,359013,517
,202111,"dukes, ma",2586250,116,85,32,0,10,1057,2344,3902412,178
,202111,"nantucket, ma",3699500,84,86,14,0,8,1391,2497,5206214,97
,202111,"plymouth, ma",567450,498,31,556,6,118,313,1805,742417,740
,202111,"middlesex, ma",699900,1262,31,1270,16,438,394,1812,1030901,1653
,202110,"plymouth, ma",554900,596,25,708,8,184,318,1830,753260,838
,202110,"suffolk, ma",789000,1637,37,792,8,536,783,1176,1423673,1829
,202110,"norfolk, ma",724894,794,26,760,24,264,384,1892,1079945,1020
,202110,"franklin, ma",309000,88,32,68,0,20,196,1644,386292,112
,202110,"hampden, ma",274675,413,26,488,0,148,186,1569,351310,570
,202110,"essex, ma",599839,678,23,860,20,196,335,1849,887386,940
,202110,"worcester, ma",400000,913,26,1004,12,332,233,1794,487704,1213
,202110,"barnstable, ma",739450,766,57,492,20,212,429,1792,1351377,1736
,202110,"bristol, ma",454900,498,30,496,4,176,261,1792,579858,690
,202110,"hampshire, ma",420000,173,33,152,4,40,228,1736,511955,227
,202110,"dukes, ma",2972500,131,74,32,0,8,1035,2470,4131698,200
,202110,"middlesex, ma",724900,1607,24,1604,28,664,397,1848,1032218,2081
,202110,"berkshire, ma",449000,431,61,176,0,80,232,1992,831550,738
,202110,"nantucket, ma",3447500,106,78,16,0,12,1271,2476,4998538,120
,202109,"hampshire, ma",423500,177,34,178,0,44,229,1794,524025,237
,202109,"hampden, ma",284500,439,25,534,0,160,187,1610,365342,623
,202109,"franklin, ma",287448,89,38,80,0,22,180,1717,378016,118
,202109,"worcester, ma",429450,919,25,1088,12,320,236,1829,500630,1201
,202109,"plymouth, ma",559900,632,26,700,4,196,315,1825,748700,896
,202109,"bristol, ma",450000,533,26,540,10,168,265,1790,663272,714
,202109,"barnstable, ma",699250,816,52,640,8,216,429,1769,1277606,1825
,202109,"norfolk, ma",699973,824,27,996,24,246,381,1942,1092158,1019
,202109,"suffolk, ma",797000,1488,42,1214,8,364,798,1184,1520705,1647
,202109,"berkshire, ma",475000,447,51,178,0,74,234,2102,905162,768
,202109,"nantucket, ma",3272500,132,54,42,0,16,1243,2436,4727829,143
,202109,"dukes, ma",2997500,129,77,40,0,18,1042,2616,4126977,196
,202109,"essex, ma",599389,735,23,952,6,234,335,1869,884229,972
,202109,"middlesex, ma",707225,1657,21,2288,32,500,388,1830,1005505,1987
,202108,"nantucket, ma",3596250,135,47,40,0,16,1280,2613,4961310,152
,202108,"suffolk, ma",773500,1373,55,630,8,252,802,1182,1567265,1529
,202108,"plymouth, ma",558825,633,25,744,26,204,316,1839,759793,898
,202108,"berkshire, ma",487000,437,46,206,2,74,237,2105,890220,750
,202108,"franklin, ma",332000,87,32,86,0,24,182,1790,388340,115
,202108,"essex, ma",612499,695,19,936,10,214,333,1954,950991,937
,202108,"hampshire, ma",437225,188,30,178,0,52,225,1921,518170,248
,202108,"middlesex, ma",695000,1469,25,1656,20,444,378,1832,988475,1850
,202108,"hampden, ma",299350,454,23,562,4,144,187,1648,375638,627
,202108,"dukes, ma",2700000,137,72,48,0,18,966,2639,4011992,200
,202108,"norfolk, ma",702448,772,30,772,18,210,381,1870,1091783,999
,202108,"worcester, ma",430000,899,24,1050,16,288,236,1821,497283,1188
,202108,"barnstable, ma",713225,783,47,628,12,186,428,1783,1304994,1812
,202108,"bristol, ma",456224,511,25,606,8,162,263,1800,666144,705
,202107,"franklin, ma",325000,72,26,84,0,12,180,1825,405445,96
,202107,"berkshire, ma",472450,400,41,224,4,84,241,2148,942275,714
,202107,"barnstable, ma",728000,754,45,592,16,164,434,1800,1366010,1739
,202107,"suffolk, ma",800000,1449,45,720,8,288,828,1176,1638532,1618
,202107,"plymouth, ma",574000,615,24,744,16,192,319,1852,791981,828
,202107,"middlesex, ma",699000,1474,23,1744,28,488,383,1838,1014598,1884
,202107,"hampden, ma",295000,393,21,512,4,124,189,1641,382269,550
,202107,"dukes, ma",2950000,121,65,44,0,12,1006,2719,4381786,179
,202107,"essex, ma",632950,639,19,904,8,136,335,1979,980453,863
,202107,"hampshire, ma",432000,180,38,168,0,48,232,1827,523676,235
,202107,"bristol, ma",463750,503,22,668,12,100,260,1800,688884,686
,202107,"nantucket, ma",3272500,152,52,52,0,12,1261,2801,4651399,160
,202107,"worcester, ma",445900,851,22,1068,24,264,239,1829,504888,1086
,202107,"norfolk, ma",719000,837,26,864,12,260,390,1869,1097129,1033
,202106,"dukes, ma",2295000,122,62,48,6,10,1004,2463,3994093,172
,202106,"worcester, ma",439950,773,16,1334,26,208,235,1857,507009,1081
,202106,"hampshire, ma",411200,195,26,228,2,36,236,1737,505362,254
,202106,"berkshire, ma",475000,360,37,232,2,52,245,2138,951161,657
,202106,"nantucket, ma",3395000,125,51,60,0,10,1285,2812,4672248,132
,202106,"plymouth, ma",572000,585,17,866,28,150,319,1851,775245,872
,202106,"franklin, ma",330000,75,18,96,4,12,176,1813,420529,100
,202106,"middlesex, ma",717498,1490,15,2580,26,414,391,1876,1069266,1975
,202106,"norfolk, ma",728500,862,17,1278,28,278,388,1888,1119649,1132
,202106,"essex, ma",622000,649,11,1186,20,162,329,1949,898315,924
,202106,"bristol, ma",466000,412,15,638,14,76,259,1840,707863,608
,202106,"suffolk, ma",849000,1601,37,1132,16,416,847,1174,1648497,1827
,202106,"barnstable, ma",725000,705,39,628,18,162,427,1815,1389244,1717
,202106,"hampden, ma",299675,351,16,572,4,102,188,1685,385361,522
,202105,"plymouth, ma",569900,480,18,752,24,92,307,1853,777100,749
,202105,"dukes, ma",2297000,116,77,68,0,12,971,2906,4053684,165
,202105,"middlesex, ma",749900,1257,11,2396,16,316,409,1900,1136673,1724
,202105,"worcester, ma",425000,658,14,1220,32,144,228,1846,503791,946
,202105,"barnstable, ma",699900,645,41,716,32,124,428,1820,1417800,1607
,202105,"hampden, ma",299900,315,14,560,8,88,192,1688,374684,505
,202105,"suffolk, ma",849000,1421,33,1048,20,352,845,1215,1704143,1692
,202105,"essex, ma",594900,507,12,916,24,92,326,1946,910751,770
,202105,"bristol, ma",449900,347,17,568,12,72,257,1788,723751,557
,202105,"berkshire, ma",499450,294,36,200,0,32,254,2152,988820,578
,202105,"franklin, ma",325000,57,21,72,0,8,173,1804,412029,71
,202105,"nantucket, ma",3750000,103,61,56,0,4,1285,2828,4704643,115
,202105,"norfolk, ma",710250,776,17,1232,32,208,389,1920,1160788,1049
,202105,"hampshire, ma",450000,160,39,172,0,24,236,1909,523954,212
,202104,"plymouth, ma",544925,487,18,760,24,96,299,1826,739150,751
,202104,"franklin, ma",328500,47,28,66,0,2,184,1802,480192,63
,202104,"bristol, ma",451225,343,17,534,14,54,254,1833,742100,517
,202104,"middlesex, ma",731700,1184,13,2000,28,234,410,1846,1121997,1625
,202104,"hampshire, ma",449500,149,35,158,6,18,242,1930,533298,200
,202104,"norfolk, ma",705998,751,17,1110,38,146,388,1895,1153328,1026
,202104,"berkshire, ma",525000,251,38,174,2,18,253,2183,1026983,524
,202104,"barnstable, ma",699500,578,48,596,28,72,422,1800,1460962,1502
,202104,"essex, ma",599900,476,13,850,24,86,313,1954,949496,718
,202104,"suffolk, ma",842000,1417,28,1052,4,296,867,1206,1689056,1677
,202104,"worcester, ma",414950,594,14,1086,18,98,229,1805,496042,845
,202104,"hampden, ma",312475,269,16,430,14,52,190,1730,385827,422
,202104,"nantucket, ma",3572500,95,129,42,0,2,1228,2800,4382772,121
,202104,"dukes, ma",2522500,110,122,30,0,4,972,3030,4362831,169
,202103,"bristol, ma",446650,329,22,510,10,56,253,1856,698060,492
,202103,"berkshire, ma",529000,242,72,164,2,14,255,2221,995601,493
,202103,"norfolk, ma",724450,645,18,964,14,116,391,1917,1144966,885
,202103,"franklin, ma",345475,44,64,36,0,4,179,1998,468226,57
,202103,"hampden, ma",298450,262,23,388,10,50,187,1673,373032,399
,202103,"nantucket, ma",3545000,102,138,36,0,4,1270,2724,4217206,125
,202103,"essex, ma",599450,465,14,836,18,68,315,2073,997036,666
,202103,"suffolk, ma",810950,1172,36,954,8,198,860,1178,1597566,1372
,202103,"barnstable, ma",709450,617,73,506,52,64,440,1820,1471288,1359
,202103,"worcester, ma",412450,537,15,970,26,84,225,1806,498031,765
,202103,"hampshire, ma",407500,148,52,136,0,10,235,1831,498995,189
,202103,"plymouth, ma",537450,459,19,702,22,72,295,1831,717668,702
,202103,"middlesex, ma",700000,1112,16,1834,36,206,400,1816,1083605,1520
,202103,"dukes, ma",2598750,106,150,36,0,6,991,2909,4245147,169
,202102,"hampshire, ma",398361,144,74,96,4,12,232,1816,497776,192
,202102,"franklin, ma",329950,53,78,40,0,6,173,1991,437953,68
,202102,"hampden, ma",276700,280,42,328,8,56,178,1673,352048,398
,202102,"berkshire, ma",501875,271,101,82,12,24,249,2210,948451,483
,202102,"essex, ma",593000,407,23,562,18,60,311,1999,945553,554
,202102,"plymouth, ma",549500,427,26,528,30,52,296,1880,716487,635
,202102,"worcester, ma",425000,481,43,568,30,66,226,1837,504241,651
,202102,"suffolk, ma",797000,1109,50,662,8,198,834,1162,1534932,1285
,202102,"middlesex, ma",732000,937,24,1292,34,158,407,1805,1138874,1270
,202102,"barnstable, ma",749475,583,98,344,20,52,448,1831,1429470,1372
,202102,"nantucket, ma",3225000,108,132,22,2,0,1240,2580,3934718,134
,202102,"dukes, ma",2203500,127,145,34,0,6,922,2629,3804575,190
,202102,"bristol, ma",439925,319,43,356,18,46,249,1898,722754,472
,202102,"norfolk, ma",723499,579,35,650,24,92,385,1864,1126771,763
,202101,"hampshire, ma",389900,174,75,100,4,28,218,1792,479037,206
,202101,"bristol, ma",449900,373,53,380,16,56,248,1920,699022,510
,202101,"hampden, ma",250000,339,46,324,4,80,173,1600,344136,454
,202101,"franklin, ma",294950,66,73,32,0,8,171,1920,390894,79
,202101,"middlesex, ma",719000,989,58,1048,12,164,401,1817,1068030,1240
,202101,"nantucket, ma",3200000,138,121,16,0,8,1184,2562,4121662,161
,202101,"suffolk, ma",774500,1206,79,676,0,216,793,1162,1422035,1323
,202101,"dukes, ma",2172500,150,148,16,0,4,861,2676,3612139,210
,202101,"essex, ma",579721,411,39,520,12,60,309,1966,966318,559
,202101,"berkshire, ma",432500,334,98,84,4,32,239,2050,1025096,532
,202101,"worcester, ma",415000,571,54,560,28,80,223,1934,509425,749
,202101,"norfolk, ma",699000,633,53,628,24,108,379,1875,1064609,773
,202101,"barnstable, ma",709000,692,91,376,28,96,425,1830,1406116,1469
,202101,"plymouth, ma",550000,433,51,452,36,60,295,1920,709533,613
,202012,"middlesex, ma",684000,1342,60,818,14,288,385,1809,986608,2262
,202012,"hampshire, ma",377450,211,67,108,0,26,209,1778,459041,302
,202012,"hampden, ma",254950,430,50,346,12,100,173,1622,333376,692
,202012,"barnstable, ma",699000,840,83,298,12,102,402,1812,1294582,1839
,202012,"norfolk, ma",659000,797,63,398,10,148,368,1840,1028250,1287
,202012,"worcester, ma",397946,772,57,564,44,172,218,1885,484819,1339
,202012,"nantucket, ma",3200000,184,105,8,0,8,1181,2591,4057098,210
,202012,"berkshire, ma",409500,420,86,96,4,30,222,2013,952918,675
,202012,"essex, ma",554475,539,54,442,6,102,304,1947,882558,976
,202012,"bristol, ma",434800,448,55,296,4,72,237,1872,633123,867
,202012,"franklin, ma",269200,73,58,26,0,4,169,1871,374853,119
,202012,"plymouth, ma",549675,535,57,348,22,88,281,1953,702420,1084
,202012,"suffolk, ma",756750,1532,76,346,12,218,762,1167,1339846,1931
,202012,"dukes, ma",2226500,182,118,28,0,12,863,2676,3707590,268
,202011,"nantucket, ma",3150000,213,86,42,0,10,1156,2649,3908756,257
,202011,"berkshire, ma",422000,477,71,130,2,60,223,2030,936397,798
,202011,"hampden, ma",269603,477,41,468,8,156,174,1650,342126,908
,202011,"plymouth, ma",539913,723,41,658,48,192,274,1971,700967,1524
,202011,"suffolk, ma",766750,1975,59,660,8,458,785,1155,1314079,2546
,202011,"norfolk, ma",692000,1057,47,720,26,292,369,1910,1088667,1834
,202011,"dukes, ma",1837500,218,93,46,0,24,818,2441,3359835,310
,202011,"bristol, ma",427675,551,44,472,8,126,235,1874,618731,1154
,202011,"franklin, ma",282225,85,53,68,0,18,159,1990,382852,151
,202011,"worcester, ma",394425,909,44,792,42,242,212,1919,486255,1844
,202011,"essex, ma",574225,732,43,714,10,250,304,1976,901478,1483
,202011,"middlesex, ma",694450,1926,43,1456,20,644,392,1806,1028463,3320
,202011,"barnstable, ma",685000,996,67,532,16,170,402,1773,1268973,2253
,202011,"hampshire, ma",398000,234,61,120,0,46,210,1870,487060,379
,202010,"middlesex, ma",700000,2101,29,1940,20,788,389,1848,1042867,2644
,202010,"essex, ma",595000,906,24,1032,12,272,305,2018,903807,1232
,202010,"norfolk, ma",699000,1204,33,1032,32,448,370,1923,1104285,1493
,202010,"barnstable, ma",661000,1124,58,644,20,240,388,1801,1226451,2469
,202010,"dukes, ma",1812500,252,72,52,4,20,789,2422,3336230,358
,202010,"bristol, ma",439900,606,30,636,16,168,236,1911,624221,867
,202010,"worcester, ma",399900,1049,26,1092,32,296,212,1969,498469,1408
,202010,"berkshire, ma",449000,545,57,192,4,84,217,2086,839892,938
,202010,"hampden, ma",299000,530,30,560,0,204,175,1737,362699,718
,202010,"plymouth, ma",549900,797,29,784,36,224,277,2006,722590,1158
,202010,"suffolk, ma",779000,2151,38,900,12,824,794,1155,1314437,2318
,202010,"nantucket, ma",3195000,235,72,48,0,32,1135,2763,3940578,292
,202010,"franklin, ma",304450,101,42,84,0,20,165,2000,381294,131
,202010,"hampshire, ma",389900,267,52,152,0,60,207,1901,471044,331
,202009,"worcester, ma",399925,1033,26,1192,24,318,211,1983,489170,1401
,202009,"hampshire, ma",425000,277,52,200,4,84,207,1984,487932,338
,202009,"bristol, ma",434675,575,29,638,12,122,230,1943,620550,824
,202009,"essex, ma",599950,885,23,1066,10,228,308,2034,913848,1218
,202009,"suffolk, ma",799450,1916,39,1292,16,702,817,1165,1343143,2051
,202009,"dukes, ma",1773750,267,41,68,2,38,778,2358,3302149,380
,202009,"franklin, ma",330950,113,44,78,0,28,149,2203,417720,145
,202009,"middlesex, ma",723750,2011,26,2280,22,702,378,1949,1056744,2461
,202009,"berkshire, ma",454500,590,50,260,10,104,211,2052,784607,1033
,202009,"hampden, ma",299900,485,29,552,4,140,174,1793,368968,675
,202009,"barnstable, ma",693000,1205,63,804,26,262,384,1838,1231651,2577
,202009,"nantucket, ma",2995000,263,41,74,0,34,1074,2799,3863310,326
,202009,"norfolk, ma",699000,1137,35,1060,26,414,365,1983,1127056,1410
,202009,"plymouth, ma",584000,824,32,844,32,226,276,2037,747793,1164
,202008,"essex, ma",609900,852,26,1016,12,228,305,2164,928728,1191
,202008,"nantucket, ma",2995000,346,16,92,0,32,1069,2983,4108157,405
,202008,"barnstable, ma",650000,1309,74,704,20,284,365,1858,1166940,2600
,202008,"plymouth, ma",589000,872,37,820,32,200,265,2112,742527,1208
,202008,"bristol, ma",449950,606,33,656,20,124,232,1968,555254,886
,202008,"middlesex, ma",730000,1863,31,1828,28,656,366,2059,1072147,2348
,202008,"hampshire, ma",424900,268,52,168,0,60,206,1968,489600,334
,202008,"berkshire, ma",449000,613,58,252,4,108,209,2086,785575,1044
,202008,"suffolk, ma",839500,1610,40,788,4,476,841,1200,1418622,1761
,202008,"norfolk, ma",699900,1138,38,976,20,372,361,2044,1165804,1430
,202008,"worcester, ma",409000,1019,35,1176,12,272,207,2041,488650,1367
,202008,"dukes, ma",1695000,278,25,84,0,20,739,2337,3274247,389
,202008,"hampden, ma",315000,480,36,504,8,152,167,1801,364117,670
,202008,"franklin, ma",349000,100,47,88,0,24,158,2205,420481,130
,202007,"suffolk, ma",849000,1501,34,942,6,514,846,1221,1437772,1669
,202007,"franklin, ma",299900,109,52,82,0,30,157,1961,370350,143
,202007,"middlesex, ma",749900,1934,31,2078,22,638,360,2116,1078308,2430
,202007,"berkshire, ma",430000,653,59,250,10,126,204,2088,763395,1065
,202007,"plymouth, ma",579450,994,41,906,50,250,268,2095,755067,1365
,202007,"barnstable, ma",644450,1538,83,690,22,328,361,1858,1127724,2767
,202007,"bristol, ma",449900,658,37,654,16,150,226,1969,543159,906
,202007,"essex, ma",617400,908,31,1002,10,226,305,2195,928542,1228
,202007,"norfolk, ma",709450,1193,36,1146,28,330,345,2128,1150318,1461
,202007,"dukes, ma",1474500,178,71,48,0,14,716,2176,2747547,235
,202007,"hampden, ma",299900,495,38,528,10,172,167,1783,353411,694
,202007,"hampshire, ma",425000,271,53,202,0,70,204,2011,486208,343
,202007,"nantucket, ma",2697500,54,42,20,0,4,999,2774,3869799,69
,202007,"worcester, ma",419950,1108,38,990,40,288,208,2065,489325,1491
,202006,"nantucket, ma",2995000,48,47,14,0,2,1017,2775,3822348,53
,202006,"middlesex, ma",749900,2034,26,2268,30,702,351,2156,1071926,2617
,202006,"barnstable, ma",639950,1739,98,788,14,350,358,1876,1087158,2856
,202006,"bristol, ma",437425,710,45,668,16,198,225,1965,518815,984
,202006,"worcester, ma",419950,1244,38,1196,20,348,206,2038,487531,1650
,202006,"berkshire, ma",449725,704,86,246,2,118,210,2126,752378,1043
,202006,"essex, ma",614949,1045,30,1134,12,274,300,2172,904600,1392
,202006,"suffolk, ma",844450,1303,30,1100,6,376,827,1214,1424907,1483
,202006,"norfolk, ma",722450,1229,33,1148,14,374,341,2264,1152159,1545
,202006,"hampden, ma",299950,545,47,528,4,206,166,1801,352067,743
,202006,"dukes, ma",1425000,180,83,44,2,16,671,2100,2515969,217
,202006,"franklin, ma",301150,129,41,74,4,26,155,1940,374849,170
,202006,"plymouth, ma",567450,1170,38,968,28,312,265,2121,734903,1539
,202006,"hampshire, ma",412200,294,60,190,4,78,200,2036,483718,360
,202005,"berkshire, ma",425000,708,95,256,0,96,201,2136,736884,913
,202005,"barnstable, ma",624000,1974,89,656,8,332,349,1848,1054690,2564
,202005,"franklin, ma",275000,128,58,76,0,24,153,1824,341380,161
,202005,"worcester, ma",399900,1354,52,1092,28,336,200,2018,462749,1657
,202005,"bristol, ma",409900,758,61,544,12,220,219,1876,500920,963
,202005,"dukes, ma",1442500,162,89,40,0,8,678,2100,2216019,179
,202005,"plymouth, ma",547900,1201,59,828,16,280,261,2042,679766,1463
,202005,"norfolk, ma",699000,1150,54,976,12,296,332,2238,1101657,1356
,202005,"nantucket, ma",2995000,31,72,8,0,0,929,2942,2963100,36
,202005,"hampden, ma",289000,581,59,444,4,160,167,1764,339209,745
,202005,"hampshire, ma",399950,301,71,184,0,68,198,2000,463327,355
,202005,"essex, ma",599900,979,40,1044,8,236,298,2155,886625,1239
,202005,"middlesex, ma",719900,1838,41,1860,24,388,325,2243,1006439,2241
,202005,"suffolk, ma",819000,976,52,764,4,216,795,1218,1483671,1100
,202004,"essex, ma",599450,899,42,590,6,140,298,2098,870666,1058
,202004,"bristol, ma",399950,802,52,456,8,150,217,1861,489880,951
,202004,"hampshire, ma",397750,289,62,106,0,42,198,1972,459396,326
,202004,"middlesex, ma",697450,1598,39,1102,14,272,315,2226,996691,1839
,202004,"dukes, ma",1560000,149,146,26,0,8,680,2063,2322058,172
,202004,"franklin, ma",261925,136,67,50,0,20,146,1884,323598,151
,202004,"norfolk, ma",673475,1003,45,608,8,148,326,2210,1128612,1130
,202004,"suffolk, ma",827400,850,46,420,2,124,800,1220,1556033,925
,202004,"worcester, ma",389950,1304,43,766,16,280,197,2020,450844,1491
,202004,"nantucket, ma",2640000,26,66,10,0,0,896,2819,2703419,32
,202004,"barnstable, ma",601000,1976,79,396,6,168,346,1845,1040333,2511
,202004,"hampden, ma",279900,630,51,368,4,132,164,1737,328207,748
,202004,"plymouth, ma",539000,1104,50,526,10,178,259,2032,665070,1246
,202004,"berkshire, ma",404113,671,107,92,0,30,197,2127,737263,846
,202003,"dukes, ma",1397500,139,152,32,0,12,663,2036,2231057,167
,202003,"hampshire, ma",386175,304,57,182,4,58,195,1923,429765,364
,202003,"hampden, ma",279947,638,44,468,6,172,161,1755,331316,811
,202003,"plymouth, ma",536858,1150,40,810,14,266,261,2017,664390,1428
,202003,"bristol, ma",412400,821,44,622,8,182,218,1872,488815,1019
,202003,"nantucket, ma",2640000,23,87,6,0,0,929,2911,2757396,29
,202003,"franklin, ma",259675,138,68,68,0,26,147,1859,313822,159
,202003,"essex, ma",619000,903,30,922,10,190,296,2162,893339,1150
,202003,"berkshire, ma",399450,677,118,178,8,60,197,2106,724527,872
,202003,"middlesex, ma",718750,1680,23,2010,20,356,319,2249,1039000,2131
,202003,"worcester, ma",394200,1285,33,1172,28,304,197,2027,456129,1604
,202003,"norfolk, ma",685250,1042,25,1014,12,218,333,2237,1161640,1276
,202003,"barnstable, ma",601950,1934,73,734,12,302,346,1851,1045989,2670
,202003,"suffolk, ma",844000,894,35,680,2,176,810,1238,1602971,1042
,202002,"suffolk, ma",839000,823,37,632,12,136,833,1235,1663123,958
,202002,"essex, ma",609900,797,45,664,16,160,300,2175,910254,1030
,202002,"franklin, ma",249900,139,115,56,0,16,141,1708,316203,150
,202002,"norfolk, ma",649000,843,38,736,16,188,325,2204,1159195,1049
,202002,"hampshire, ma",359900,288,86,124,0,68,188,1904,406781,330
,202002,"nantucket, ma",2995000,16,115,0,0,0,929,3197,3206875,23
,202002,"hampden, ma",249900,651,47,424,4,192,154,1674,305632,798
,202002,"bristol, ma",399900,832,68,468,16,188,219,1842,483134,1018
,202002,"barnstable, ma",599900,1785,105,628,4,252,346,1848,1060401,2424
,202002,"berkshire, ma",389000,645,130,132,0,68,194,2016,724616,816
,202002,"plymouth, ma",518900,1049,60,692,8,200,259,2016,639105,1283
,202002,"dukes, ma",1500000,125,168,24,0,8,677,2100,2275718,154
,202002,"middlesex, ma",699900,1378,35,1344,16,296,327,2200,1027172,1734
,202002,"worcester, ma",374900,1196,58,820,24,276,195,1968,440979,1445
,202001,"berkshire, ma",391500,668,122,78,2,60,193,2021,713809,833
,202001,"essex, ma",582475,833,74,536,14,128,300,2040,894461,1010
,202001,"hampden, ma",242400,680,68,354,0,170,153,1641,297487,774
,202001,"franklin, ma",265225,145,115,30,0,18,139,1845,321647,159
,202001,"norfolk, ma",603700,860,81,502,12,174,314,2074,1100377,989
,202001,"suffolk, ma",837000,793,72,492,6,128,821,1235,1710945,878
,202001,"plymouth, ma",499000,1088,76,516,34,228,255,1990,614881,1245
,202001,"dukes, ma",1499000,142,160,16,0,4,657,2145,2435704,171
,202001,"barnstable, ma",578000,1874,110,582,14,206,332,1800,1006663,2238
,202001,"middlesex, ma",669350,1352,76,994,10,298,316,2149,927018,1572
,202001,"bristol, ma",389900,931,75,398,8,228,216,1810,468505,1051
,202001,"worcester, ma",369782,1313,78,746,24,274,192,1920,426008,1487
,202001,"nantucket, ma",3340000,21,141,0,0,0,919,3378,3582917,28
,202001,"hampshire, ma",360950,296,90,98,2,70,188,1904,417894,326
,201912,"berkshire, ma",383450,777,112,74,2,60,187,2023,694079,958
,201912,"suffolk, ma",814000,933,76,222,0,116,796,1238,1636563,1027
,201912,"plymouth, ma",499225,1272,73,312,24,198,252,2007,618899,1415
,201912,"dukes, ma",1499250,199,152,8,0,4,669,2258,2532525,233
,201912,"norfolk, ma",619675,1046,75,262,6,160,312,2067,1074379,1199
,201912,"worcester, ma",369900,1538,73,432,22,268,191,1949,421528,1735
,201912,"hampden, ma",235925,761,67,216,2,164,152,1625,289675,869
,201912,"essex, ma",577400,1023,69,316,6,142,292,2056,861757,1189
,201912,"hampshire, ma",364450,352,82,78,0,40,189,1916,425595,381
,201912,"franklin, ma",269950,179,96,30,0,18,142,1915,324331,197
,201912,"bristol, ma",392450,1035,71,316,6,206,214,1832,472980,1165
,201912,"barnstable, ma",575000,2093,103,240,4,140,330,1804,982714,2569
,201912,"middlesex, ma",669000,1690,74,434,18,286,314,2156,926494,1936
,201912,"nantucket, ma",3595000,38,145,2,0,2,948,3452,4143311,46
,201911,"plymouth, ma",512450,1651,61,604,20,412,252,2038,656801,1857
,201911,"franklin, ma",265000,225,74,56,0,52,143,1827,314650,243
,201911,"nantucket, ma",3672500,51,131,12,0,0,988,3438,4619054,60
,201911,"norfolk, ma",599999,1542,53,632,16,492,307,2064,1036524,1742
,201911,"suffolk, ma",809000,1219,53,440,8,340,762,1260,1528591,1355
,201911,"barnstable, ma",575000,2377,86,456,8,384,329,1804,979661,3155
,201911,"berkshire, ma",369250,923,101,100,0,112,181,2001,602672,1146
,201911,"bristol, ma",399450,1188,58,468,12,368,214,1850,475993,1387
,201911,"middlesex, ma",664950,2527,51,956,12,1008,309,2200,949575,2942
,201911,"dukes, ma",1499000,212,135,28,0,16,665,2212,2471857,258
,201911,"worcester, ma",369900,1925,57,848,8,592,190,1983,423380,2179
,201911,"hampden, ma",242500,907,56,428,0,368,151,1683,291941,1052
,201911,"essex, ma",575000,1382,52,648,12,452,283,2104,844145,1620
,201911,"hampshire, ma",359900,403,74,108,0,104,187,1928,418292,446
,201910,"suffolk, ma",772408,1399,38,650,8,496,727,1248,1458129,1538
,201910,"hampshire, ma",349325,445,72,186,2,124,191,1919,414189,490
,201910,"dukes, ma",1531250,242,120,42,0,24,684,2212,2524176,285
,201910,"nantucket, ma",4245000,53,110,4,0,6,1050,3563,4867436,64
,201910,"berkshire, ma",369000,1011,97,170,4,146,181,1979,574532,1283
,201910,"middlesex, ma",659227,3010,39,1590,28,1282,307,2165,929079,3464
,201910,"worcester, ma",369014,2120,52,1032,42,860,190,1994,429769,2448
,201910,"bristol, ma",397177,1298,47,612,6,448,214,1842,468719,1515
,201910,"hampden, ma",249900,1019,49,542,8,408,150,1696,294661,1159
,201910,"essex, ma",579925,1555,46,858,12,570,278,2103,827223,1835
,201910,"plymouth, ma",509222,1797,56,734,20,684,250,2042,651098,2072
,201910,"norfolk, ma",601091,1710,45,836,26,694,306,2086,1005533,1963
,201910,"barnstable, ma",586950,2605,84,600,14,640,329,1805,971436,3444
,201910,"franklin, ma",269450,241,74,70,0,68,145,1842,321573,259
,201909,"hampden, ma",251523,1000,49,598,8,392,150,1709,299571,1144
,201909,"essex, ma",589075,1547,46,866,12,558,279,2112,834405,1836
,201909,"franklin, ma",278545,238,70,82,0,68,147,1861,328410,256
,201909,"barnstable, ma",592468,2620,83,650,12,634,331,1817,982190,3311
,201909,"dukes, ma",1605295,246,107,68,0,24,685,2287,2598667,280
,201909,"berkshire, ma",370909,1051,89,178,4,180,183,1993,575053,1329
,201909,"hampshire, ma",357059,443,68,176,4,124,191,1938,422544,499
,201909,"worcester, ma",371070,2116,52,1044,46,840,190,2007,434915,2444
,201909,"middlesex, ma",662341,2936,41,1598,32,1146,307,2184,938776,3401
,201909,"nantucket, ma",3851818,58,96,8,0,12,1046,3494,4721224,65
,201909,"norfolk, ma",607886,1712,47,882,36,652,304,2099,982696,1974
,201909,"bristol, ma",396491,1288,49,632,8,442,213,1850,467377,1515
,201909,"plymouth, ma",512408,1800,57,772,16,680,252,2055,657924,2076
,201909,"suffolk, ma",780606,1341,41,634,8,442,737,1259,1462023,1475
,201908,"norfolk, ma",618155,1714,49,928,40,576,303,2135,984756,1974
,201908,"worcester, ma",376368,2100,51,1036,36,808,190,2039,442046,2424
,201908,"plymouth, ma",528363,1804,56,812,16,612,254,2075,672362,2068
,201908,"barnstable, ma",596927,2618,80,588,4,580,335,1829,998321,3085
,201908,"dukes, ma",1660318,248,95,72,0,28,687,2357,2686204,271
,201908,"franklin, ma",290818,233,61,96,4,64,149,1906,340725,253
,201908,"hampshire, ma",366264,453,61,180,4,124,192,1957,431093,513
,201908,"bristol, ma",398536,1268,51,596,16,432,212,1863,470382,1506
,201908,"berkshire, ma",373364,1091,80,188,8,216,185,2007,578296,1376
,201908,"nantucket, ma",3667727,61,82,8,0,12,1039,3404,4562878,64
,201908,"middlesex, ma",678336,2823,44,1612,24,1020,308,2227,964780,3286
,201908,"hampden, ma",253609,963,46,588,4,384,151,1726,304096,1118
,201908,"suffolk, ma",807227,1279,47,612,4,380,754,1279,1481737,1423
,201908,"essex, ma",604600,1543,46,876,8,544,281,2124,852501,1838
,201907,"hampshire, ma",374325,460,55,188,0,130,192,1986,439618,525
,201907,"suffolk, ma",799000,1253,46,616,8,344,763,1276,1484075,1394
,201907,"middlesex, ma",689750,2782,44,1634,28,950,309,2258,992732,3217
,201907,"franklin, ma",296450,224,52,84,2,60,148,1970,344501,253
,201907,"berkshire, ma",372175,1113,72,250,6,214,186,2001,576932,1390
,201907,"plymouth, ma",534450,1801,52,814,20,548,256,2094,676885,2070
,201907,"worcester, ma",379900,2101,47,1116,24,788,190,2064,446464,2414
,201907,"essex, ma",607450,1546,44,934,6,522,283,2133,863848,1855
,201907,"bristol, ma",411950,1262,50,652,12,450,213,1899,477227,1491
,201907,"dukes, ma",1660000,242,83,56,0,24,683,2411,2685172,251
,201907,"barnstable, ma",599675,2617,75,664,0,632,338,1829,1009547,2945
,201907,"hampden, ma",259075,931,43,574,2,384,151,1741,308830,1094
,201907,"norfolk, ma",634925,1711,49,898,28,618,306,2179,1011282,1969
,201907,"nantucket, ma",3545000,64,69,16,0,10,1043,3362,4537953,64
,201906,"hampshire, ma",375000,442,46,228,0,136,191,2059,437510,515
,201906,"nantucket, ma",3199000,55,58,12,0,4,1051,3355,4693623,55
,201906,"worcester, ma",389900,2080,37,1516,28,836,191,2098,452359,2472
,201906,"hampden, ma",259900,900,39,604,8,380,152,1762,312213,1084
,201906,"franklin, ma",289900,228,46,108,0,68,146,1931,344300,255
,201906,"plymouth, ma",529450,1848,42,1036,8,688,255,2100,671549,2159
,201906,"berkshire, ma",369000,1051,67,292,0,212,185,2003,579866,1307
,201906,"barnstable, ma",599000,2623,67,788,20,632,339,1822,981607,2947
,201906,"middlesex, ma",695000,3004,31,2216,36,1340,308,2300,997409,3576
,201906,"norfolk, ma",648950,1822,37,1156,28,712,314,2200,1050308,2134
,201906,"dukes, ma",1564500,234,82,56,0,20,675,2378,2462511,244
,201906,"essex, ma",595000,1642,33,1236,20,572,282,2108,838825,2008
,201906,"suffolk, ma",789900,1330,35,900,20,436,745,1267,1459671,1488
,201906,"bristol, ma",400000,1236,44,748,16,456,214,1901,479976,1491
,201905,"hampden, ma",254900,839,37,650,2,328,150,1767,309415,1029
,201905,"dukes, ma",1499450,206,83,46,0,16,672,2331,2359888,217
,201905,"berkshire, ma",369000,936,72,298,0,132,187,2014,600885,1181
,201905,"nantucket, ma",2725000,42,48,12,0,2,1004,3352,3823841,42
,201905,"barnstable, ma",599000,2534,64,904,14,542,337,1822,973632,2918
,201905,"hampshire, ma",372450,411,39,282,2,120,188,2022,433011,495
,201905,"norfolk, ma",649000,1642,33,1288,8,596,313,2193,1057534,1975
,201905,"middlesex, ma",696350,2657,28,2536,22,914,313,2277,1001716,3245
,201905,"worcester, ma",389900,1862,37,1464,24,690,190,2100,444013,2230
,201905,"suffolk, ma",804750,1179,32,976,10,368,763,1280,1505858,1393
,201905,"bristol, ma",399900,1172,46,774,6,374,216,1900,480724,1411
,201905,"plymouth, ma",527000,1672,39,1110,24,598,252,2128,669601,2003
,201905,"essex, ma",599180,1506,30,1326,12,474,277,2164,829076,1883
,201905,"franklin, ma",279475,208,49,106,0,74,145,1894,339674,237
,201904,"dukes, ma",1489714,176,90,58,0,10,674,2344,2521501,185
,201904,"plymouth, ma",523054,1515,40,1038,28,432,252,2113,671008,1826
,201904,"norfolk, ma",637450,1476,31,1238,16,464,308,2192,1035591,1797
,201904,"nantucket, ma",2320000,44,100,8,0,0,922,3120,3213930,44
,201904,"bristol, ma",399900,1101,49,706,8,330,218,1859,479581,1325
,201904,"franklin, ma",258054,175,64,66,0,46,142,1857,337767,205
,201904,"essex, ma",591975,1301,31,1210,4,390,278,2142,818034,1670
,201904,"middlesex, ma",688700,2311,26,2292,38,800,315,2240,987145,2855
,201904,"hampshire, ma",375225,348,42,210,0,94,186,2039,440734,408
,201904,"berkshire, ma",374993,853,97,236,8,112,189,2004,601617,1067
,201904,"suffolk, ma",809000,1135,33,966,2,338,757,1260,1460514,1315
,201904,"hampden, ma",249900,796,42,590,2,246,147,1755,297955,972
,201904,"barnstable, ma",599000,2408,70,878,4,504,338,1854,971599,2803
,201904,"worcester, ma",379925,1655,36,1380,32,542,189,2057,435588,2016
,201903,"berkshire, ma",374943,809,118,184,4,88,187,2009,606219,1024
,201903,"essex, ma",543807,1217,40,920,4,328,271,2010,766996,1505
,201903,"hampshire, ma",355136,314,76,152,0,64,184,1974,420374,372
,201903,"plymouth, ma",510128,1389,52,740,20,344,249,2083,648963,1653
,201903,"franklin, ma",248279,177,80,48,0,36,144,1768,334531,202
,201903,"norfolk, ma",615527,1299,38,884,20,328,302,2181,1012315,1561
,201903,"nantucket, ma",2237857,42,146,8,0,0,858,3094,2969105,42
,201903,"suffolk, ma",799000,1018,38,720,0,272,753,1261,1471510,1177
,201903,"middlesex, ma",659186,1988,35,1672,32,580,308,2180,956082,2433
,201903,"bristol, ma",382243,1096,61,648,4,288,214,1796,459459,1291
,201903,"hampden, ma",235614,814,50,528,4,220,145,1684,282346,977
,201903,"dukes, ma",1438714,169,111,40,0,8,670,2274,2550065,174
,201903,"worcester, ma",362757,1556,57,1016,32,412,187,1964,418958,1850
,201903,"barnstable, ma",596657,2229,96,688,8,340,337,1834,979568,2565
,201902,"berkshire, ma",370225,805,128,144,0,56,183,2003,600562,992
,201902,"essex, ma",499950,1130,56,684,6,264,267,1907,738220,1338
,201902,"norfolk, ma",599900,1132,47,682,20,210,296,2132,993322,1318
,201902,"middlesex, ma",634000,1732,46,1126,28,420,302,2110,911874,2086
,201902,"worcester, ma",349900,1502,74,686,36,340,185,1908,405257,1722
,201902,"suffolk, ma",785000,887,41,502,4,194,732,1276,1494210,1007
,201902,"hampshire, ma",326575,305,105,104,4,64,179,1938,397449,341
,201902,"nantucket, ma",2245000,44,166,10,0,0,801,3245,2892121,45
,201902,"dukes, ma",1395000,163,122,36,0,6,658,2207,2482304,165
,201902,"plymouth, ma",487450,1333,66,582,16,294,245,2014,616003,1521
,201902,"hampden, ma",225561,837,66,392,8,264,143,1639,272008,965
,201902,"barnstable, ma",586850,2108,114,598,10,294,330,1807,969914,2374
,201902,"bristol, ma",369450,1085,74,442,4,256,210,1770,445402,1249
,201902,"franklin, ma",239900,179,91,48,0,24,143,1700,329206,199
,201901,"hampshire, ma",324925,323,100,104,2,62,179,1917,389147,354
,201901,"plymouth, ma",474950,1390,73,578,24,294,241,1982,594802,1523
,201901,"nantucket, ma",2245000,40,145,2,0,0,811,3018,2957613,40
,201901,"worcester, ma",332500,1639,78,678,22,410,181,1876,398487,1819
,201901,"berkshire, ma",361000,827,119,114,2,74,182,1990,588845,1005
,201901,"barnstable, ma",569450,2068,108,476,14,296,326,1803,955768,2283
,201901,"franklin, ma",241700,190,87,32,2,34,141,1753,328763,203
,201901,"suffolk, ma",719923,900,61,526,2,186,701,1265,1368074,997
,201901,"essex, ma",499900,1169,72,572,4,280,266,1910,740146,1347
,201901,"norfolk, ma",597400,1082,72,616,18,238,294,2100,966010,1229
,201901,"dukes, ma",1495000,159,126,26,0,10,655,2200,2501216,162
,201901,"middlesex, ma",602650,1824,65,1150,26,456,293,2065,841394,2075
,201901,"hampden, ma",225850,880,68,348,4,300,143,1633,269264,970
,201901,"bristol, ma",359000,1164,77,402,10,294,208,1763,437545,1296
,201812,"barnstable, ma",585000,2363,94,312,12,256,328,1808,961093,2586
,201812,"franklin, ma",256950,221,79,56,0,28,142,1787,332082,245
,201812,"hampshire, ma",330000,385,87,76,0,60,179,1915,400703,417
,201812,"bristol, ma",359900,1319,66,280,8,292,206,1775,437048,1465
,201812,"plymouth, ma",475000,1607,67,456,16,276,239,2000,599499,1750
,201812,"nantucket, ma",2280000,51,122,0,0,4,904,2784,2980720,51
,201812,"essex, ma",519700,1406,59,368,4,304,264,2000,741655,1598
,201812,"middlesex, ma",615000,2130,59,628,16,428,292,2090,846999,2423
,201812,"norfolk, ma",594900,1270,64,328,16,232,293,2091,949736,1431
,201812,"berkshire, ma",374900,943,115,104,4,48,185,2043,582366,1164
,201812,"hampden, ma",224900,1016,64,300,4,228,143,1659,272879,1140
,201812,"dukes, ma",1495000,203,131,12,0,8,649,2228,2466905,208
,201812,"worcester, ma",329900,1932,67,512,16,372,179,1900,396101,2117
,201812,"suffolk, ma",719000,1036,59,224,8,168,668,1265,1323376,1143
,201811,"suffolk, ma",699450,1280,46,492,4,440,654,1255,1228198,1407
,201811,"norfolk, ma",594925,1638,50,670,14,542,294,2096,952956,1823
,201811,"dukes, ma",1398000,223,110,34,2,16,628,2262,2415074,229
,201811,"nantucket, ma",2395000,62,98,8,0,4,919,2825,3089753,62
,201811,"essex, ma",523650,1792,49,826,8,602,263,2010,739919,2043
,201811,"franklin, ma",269900,240,76,60,0,52,147,1793,331784,259
,201811,"bristol, ma",362450,1482,56,510,6,524,208,1800,442072,1634
,201811,"worcester, ma",329900,2354,58,862,32,818,178,1925,394997,2609
,201811,"plymouth, ma",476750,1887,58,702,16,624,239,2016,601425,2054
,201811,"middlesex, ma",604125,2751,45,1268,20,1182,291,2081,857220,3127
,201811,"hampden, ma",232400,1132,61,434,6,402,146,1680,281467,1281
,201811,"barnstable, ma",577000,2651,77,452,12,546,325,1829,952628,2943
,201811,"hampshire, ma",335675,458,73,98,2,124,182,1885,401948,500
,201811,"berkshire, ma",369450,1029,104,124,2,144,182,2035,573651,1299
,201810,"hampshire, ma",325000,512,71,184,0,154,180,1878,393137,567
,201810,"nantucket, ma",2395000,72,82,10,0,8,932,2822,3200088,72
,201810,"essex, ma",539450,1886,45,966,12,764,263,2053,749951,2193
,201810,"franklin, ma",274900,244,75,64,0,66,148,1853,330808,266
,201810,"plymouth, ma",479950,1946,52,798,14,810,240,2016,606959,2144
,201810,"bristol, ma",366222,1520,51,614,12,650,206,1851,444246,1702
,201810,"suffolk, ma",724950,1339,33,744,6,542,648,1269,1195521,1480
,201810,"hampden, ma",237075,1231,58,492,4,524,146,1665,285583,1381
,201810,"worcester, ma",330000,2514,50,1134,20,1206,179,1940,400682,2825
,201810,"middlesex, ma",619900,2965,37,1658,34,1326,292,2091,868792,3391
,201810,"berkshire, ma",357000,1128,93,204,4,178,180,1973,549234,1392
,201810,"norfolk, ma",599900,1709,45,900,12,714,294,2167,969408,1939
,201810,"dukes, ma",1497500,215,109,52,0,24,636,2327,2415051,219
,201810,"barnstable, ma",565000,2811,71,710,14,818,323,1820,936985,3175
,201809,"dukes, ma",1500000,217,107,20,0,20,643,2303,2414543,224
,201809,"plymouth, ma",480000,1922,51,872,16,816,242,2016,608767,2164
,201809,"franklin, ma",272200,245,74,88,0,56,147,1796,328063,265
,201809,"suffolk, ma",740500,1179,33,924,16,452,665,1341,1257469,1287
,201809,"bristol, ma",369900,1458,48,672,16,600,206,1868,452956,1653
,201809,"worcester, ma",340000,2493,46,1180,32,1084,181,1976,408096,2779
,201809,"barnstable, ma",575000,2751,71,832,16,848,323,1848,950830,3119
,201809,"essex, ma",545900,1838,46,1128,8,768,264,2083,758818,2107
,201809,"nantucket, ma",2445000,81,64,12,0,8,959,2692,3567694,81
,201809,"hampden, ma",239000,1229,53,488,4,568,144,1680,288269,1384
,201809,"middlesex, ma",629900,2899,35,1984,56,1296,291,2124,891180,3284
,201809,"norfolk, ma",615000,1696,43,1024,20,680,292,2190,988425,1927
,201809,"berkshire, ma",359000,1138,84,184,0,220,179,1997,528740,1445
,201809,"hampshire, ma",329000,493,72,180,0,164,179,1907,396013,547
,201808,"plymouth, ma",486675,1845,47,940,24,644,243,2011,615870,2113
,201808,"berkshire, ma",366500,1144,73,240,4,220,180,2023,532574,1469
,201808,"hampshire, ma",340700,488,63,184,2,184,180,1889,397647,553
,201808,"dukes, ma",1498250,223,89,40,2,20,637,2209,2519893,227
,201808,"bristol, ma",379900,1361,46,700,20,468,210,1853,460855,1595
,201808,"hampden, ma",239900,1190,47,608,6,484,147,1710,292279,1349
,201808,"nantucket, ma",2491250,77,67,24,0,6,1003,2675,3781121,77
,201808,"essex, ma",549900,1692,44,1018,14,588,263,2106,779369,1999
,201808,"worcester, ma",349450,2294,47,1282,22,904,181,1982,410125,2658
,201808,"franklin, ma",269000,243,61,76,0,72,148,1789,326280,281
,201808,"suffolk, ma",784500,943,47,532,16,214,700,1329,1352472,1063
,201808,"middlesex, ma",639425,2438,42,1600,30,806,285,2190,923128,2873
,201808,"norfolk, ma",625000,1489,48,902,20,446,295,2219,1031270,1731
,201808,"barnstable, ma",599000,2594,71,794,20,670,322,1858,971982,2982
,201807,"essex, ma",549900,1665,38,1102,16,570,264,2126,784030,1976
,201807,"suffolk, ma",781000,1021,44,614,4,264,700,1307,1350649,1184
,201807,"nantucket, ma",2455000,69,72,16,0,4,993,2707,3803894,69
,201807,"barnstable, ma",599900,2481,65,776,16,614,326,1889,988500,2871
,201807,"middlesex, ma",664500,2471,38,1756,38,874,292,2234,954624,2950
,201807,"plymouth, ma",499000,1774,45,930,10,626,245,2043,622492,2050
,201807,"hampden, ma",249900,1148,45,616,8,464,149,1751,298909,1313
,201807,"franklin, ma",274850,245,55,98,0,62,149,1776,315221,286
,201807,"berkshire, ma",369000,1119,66,252,4,214,182,2000,534923,1444
,201807,"hampshire, ma",354450,491,50,184,2,168,188,1923,404617,553
,201807,"bristol, ma",379900,1299,43,752,10,484,209,1862,462560,1524
,201807,"worcester, ma",349900,2187,42,1322,38,854,181,1986,416830,2513
,201807,"dukes, ma",1491250,214,79,46,0,26,635,2100,2496788,217
,201807,"norfolk, ma",639900,1465,44,886,18,464,300,2224,1074040,1737
,201806,"nantucket, ma",2500000,66,68,12,0,4,1007,2430,3877136,66
,201806,"hampshire, ma",359900,488,46,272,4,172,190,1958,412185,561
,201806,"berkshire, ma",379000,1037,68,280,0,152,183,2009,551844,1387
,201806,"bristol, ma",379900,1229,37,836,16,412,210,1860,459564,1510
,201806,"middlesex, ma",689900,2537,25,2644,24,960,297,2280,979782,3104
,201806,"suffolk, ma",799000,1125,33,940,12,416,709,1308,1358451,1323
,201806,"dukes, ma",1495000,212,71,56,0,20,645,2151,2367540,215
,201806,"worcester, ma",349900,2091,34,1488,36,788,181,1959,417219,2489
,201806,"norfolk, ma",650000,1556,36,1264,40,624,302,2293,1094863,1895
,201806,"hampden, ma",249900,1069,38,656,12,440,149,1737,296475,1282
,201806,"plymouth, ma",499900,1741,37,1100,20,680,247,2053,638850,2067
,201806,"essex, ma",550000,1585,29,1296,12,580,264,2119,770964,1971
,201806,"franklin, ma",249000,240,44,116,0,72,148,1789,305046,271
,201806,"barnstable, ma",609900,2378,57,764,12,584,324,1900,997094,2770
,201805,"worcester, ma",349900,1818,31,1570,28,584,183,1933,417375,2230
,201805,"berkshire, ma",396500,946,84,276,8,136,186,2060,562723,1230
,201805,"bristol, ma",377000,1107,39,796,16,350,209,1860,457290,1348
,201805,"barnstable, ma",625000,2199,57,918,8,456,323,1952,1030800,2595
,201805,"essex, ma",547450,1324,25,1300,24,450,268,2102,775737,1720
,201805,"franklin, ma",249500,202,45,118,0,48,151,1818,310830,230
,201805,"hampden, ma",249950,998,33,760,4,342,149,1728,294335,1189
,201805,"hampshire, ma",375000,439,49,252,2,144,192,1968,416936,519
,201805,"dukes, ma",1466000,181,86,52,0,16,630,2251,2337929,183
,201805,"suffolk, ma",799000,1002,25,948,14,274,735,1316,1398404,1231
,201805,"nantucket, ma",2320000,56,61,12,0,8,932,2391,3799559,56
,201805,"norfolk, ma",677000,1396,27,1322,16,476,302,2327,1121181,1766
,201805,"middlesex, ma",699700,2140,23,2376,52,658,299,2311,1023752,2717
,201805,"plymouth, ma",505725,1555,31,1132,12,534,248,2058,640600,1865
,201804,"plymouth, ma",499950,1352,38,1062,20,344,247,2035,630637,1620
,201804,"worcester, ma",346906,1590,37,1374,42,450,183,1933,416480,1992
,201804,"suffolk, ma",819500,879,23,1046,6,180,746,1334,1423039,1076
,201804,"barnstable, ma",628000,1978,66,828,16,336,323,1960,1060061,2367
,201804,"franklin, ma",245625,172,68,90,0,38,149,1755,303833,200
,201804,"hampshire, ma",369900,399,54,236,4,94,188,1974,414884,466
,201804,"dukes, ma",1265000,156,90,42,0,12,621,2086,2126835,159
,201804,"middlesex, ma",694450,1883,22,2348,36,508,298,2298,1038103,2435
,201804,"norfolk, ma",654900,1247,27,1320,20,362,299,2325,1104280,1582
,201804,"bristol, ma",372450,1026,47,698,20,268,207,1806,443893,1275
,201804,"hampden, ma",248450,860,40,696,10,314,149,1725,293341,1031
,201804,"berkshire, ma",389125,884,119,212,10,96,184,2060,564965,1110
,201804,"nantucket, ma",2295000,53,79,14,0,2,931,2445,3859633,53
,201804,"essex, ma",539450,1149,27,1190,16,288,264,2058,769435,1494
,201803,"franklin, ma",229950,160,118,60,0,20,133,1792,285434,176
,201803,"norfolk, ma",650000,1063,30,952,12,224,297,2354,1152014,1311
,201803,"middlesex, ma",699000,1558,24,1828,20,296,296,2357,1059128,1961
,201803,"nantucket, ma",2395000,39,162,16,0,4,868,2474,3986407,39
,201803,"hampden, ma",239900,813,47,516,8,216,146,1656,280963,960
,201803,"suffolk, ma",859900,654,30,732,0,96,765,1384,1511510,832
,201803,"hampshire, ma",349900,381,73,184,0,60,192,1902,407218,423
,201803,"essex, ma",521200,983,36,876,12,220,263,2028,765729,1256
,201803,"plymouth, ma",499900,1207,46,664,28,196,245,2035,627549,1411
,201803,"worcester, ma",329900,1462,45,1036,48,340,179,1891,397354,1790
,201803,"bristol, ma",350000,1014,53,480,20,212,203,1781,423391,1203
,201803,"barnstable, ma",599000,1852,97,632,12,268,316,1907,1029816,2219
,201803,"dukes, ma",1250000,140,123,28,0,8,624,2081,2012418,144
,201803,"berkshire, ma",379250,844,134,160,0,68,180,2040,554002,1052
,201802,"nantucket, ma",2395000,43,155,14,0,0,931,2474,3971770,43
,201802,"suffolk, ma",867750,591,48,544,14,80,762,1390,1530818,720
,201802,"bristol, ma",349900,989,71,508,12,216,198,1800,422367,1149
,201802,"essex, ma",504900,915,53,672,18,182,260,1985,775246,1121
,201802,"norfolk, ma",634900,908,42,754,12,174,293,2284,1112940,1090
,201802,"franklin, ma",217350,162,112,32,0,24,132,1758,270654,178
,201802,"hampden, ma",222494,804,67,426,18,214,144,1612,271836,918
,201802,"hampshire, ma",343750,360,115,114,2,64,193,1734,397208,397
,201802,"barnstable, ma",598975,1835,112,564,14,268,310,1905,996578,2121
,201802,"dukes, ma",1246250,130,121,32,0,10,610,1990,1968505,133
,201802,"middlesex, ma",666950,1349,39,1258,42,274,285,2311,1017191,1657
,201802,"worcester, ma",319900,1436,71,806,40,310,174,1849,379033,1678
,201802,"berkshire, ma",364450,850,134,130,2,66,175,2028,527727,1026
,201802,"plymouth, ma",477448,1175,69,630,8,232,237,1999,592825,1363
,201801,"barnstable, ma",599000,1839,108,398,6,210,310,1899,1007946,2048
,201801,"plymouth, ma",459450,1223,79,446,30,246,233,1965,581348,1362
,201801,"hampshire, ma",336950,377,106,104,0,68,186,1776,381688,405
,201801,"norfolk, ma",597400,856,68,512,20,148,285,2209,1080839,994
,201801,"berkshire, ma",352250,854,128,84,0,60,173,2036,526672,1021
,201801,"essex, ma",515945,956,72,482,12,186,257,1956,776413,1096
,201801,"bristol, ma",339900,1005,78,354,8,230,196,1774,418403,1121
,201801,"middlesex, ma",659450,1292,66,998,22,220,280,2315,1003436,1510
,201801,"nantucket, ma",2695000,34,173,6,0,0,1004,2704,4416054,34
,201801,"hampden, ma",219900,834,75,306,6,206,143,1589,269640,936
,201801,"suffolk, ma",895834,602,65,454,4,92,760,1391,1573440,673
,201801,"dukes, ma",1290750,134,122,24,0,6,593,2022,2004288,136
,201801,"franklin, ma",223050,176,101,26,0,22,136,1787,277929,187
,201801,"worcester, ma",309950,1524,78,628,24,350,171,1832,371579,1710
,201712,"plymouth, ma",450000,1439,72,428,12,220,232,1958,580323,1584
,201712,"worcester, ma",309900,1779,65,632,28,300,170,1839,372147,1979
,201712,"essex, ma",499999,1168,60,436,12,220,255,2000,764123,1370
,201712,"franklin, ma",240000,206,94,44,0,20,137,1800,291548,218
,201712,"nantucket, ma",2525000,43,150,0,0,0,1059,2708,4250116,43
,201712,"norfolk, ma",589450,1045,60,344,12,168,282,2210,1045222,1213
,201712,"bristol, ma",340500,1148,68,284,12,240,197,1782,422709,1300
,201712,"berkshire, ma",369000,981,116,72,0,56,177,2025,535801,1185
,201712,"hampshire, ma",332000,435,96,56,0,84,183,1779,373930,476
,201712,"hampden, ma",219900,989,67,324,4,232,142,1594,273003,1092
,201712,"barnstable, ma",598450,2145,95,272,16,196,308,1908,988225,2419
,201712,"suffolk, ma",819500,769,56,260,4,124,729,1400,1494793,897
,201712,"middlesex, ma",664450,1557,59,692,28,260,278,2320,995126,1827
,201712,"dukes, ma",1395000,180,119,8,0,4,605,2113,2181021,184
,201711,"plymouth, ma",458450,1754,59,676,12,500,232,1986,587537,1945
,201711,"berkshire, ma",374500,1063,113,120,0,110,180,2011,545241,1313
,201711,"worcester, ma",309900,2126,53,856,32,714,170,1847,374106,2421
,201711,"nantucket, ma",2637500,58,120,0,0,0,1054,2618,4074450,58
,201711,"bristol, ma",349900,1323,59,510,16,420,197,1817,423849,1532
,201711,"franklin, ma",241225,250,88,42,0,42,136,1788,284324,269
,201711,"dukes, ma",1368750,211,103,16,0,18,616,2119,2183618,213
,201711,"hampden, ma",224950,1144,60,424,2,390,141,1632,275204,1282
,201711,"suffolk, ma",760975,1018,42,552,18,326,670,1353,1319137,1160
,201711,"barnstable, ma",584000,2476,81,436,20,544,306,1910,948938,2830
,201711,"hampshire, ma",338000,531,78,124,0,116,183,1817,380156,571
,201711,"middlesex, ma",649950,2107,48,1194,28,572,283,2272,961761,2493
,201711,"essex, ma",517000,1516,52,788,10,510,253,2042,762929,1812
,201711,"norfolk, ma",599950,1398,49,640,12,406,285,2218,1047326,1614
,201710,"norfolk, ma",599950,1583,41,858,22,540,286,2226,1025092,1844
,201710,"franklin, ma",239600,267,88,80,0,48,137,1798,278281,292
,201710,"worcester, ma",304925,2319,50,1112,38,876,170,1831,371926,2649
,201710,"nantucket, ma",2345000,68,96,4,2,8,900,2590,3729928,68
,201710,"hampden, ma",229550,1234,58,522,16,448,143,1638,275321,1384
,201710,"suffolk, ma",763000,1079,35,666,8,384,659,1360,1332495,1246
,201710,"essex, ma",525000,1703,43,866,12,632,251,2102,766293,1995
,201710,"middlesex, ma",649900,2399,38,1508,22,920,286,2265,959859,2832
,201710,"hampshire, ma",335000,559,76,180,2,152,182,1837,382769,615
,201710,"barnstable, ma",575000,2722,74,644,18,620,304,1901,946330,3104
,201710,"plymouth, ma",459900,1867,53,822,28,632,232,2000,590585,2119
,201710,"berkshire, ma",350000,1144,102,168,2,150,178,2017,544194,1419
,201710,"bristol, ma",344950,1408,53,624,16,508,195,1820,422726,1644
,201710,"dukes, ma",1392500,223,96,24,0,34,619,2132,2228844,225
,201709,"worcester, ma",309900,2365,48,1216,48,940,170,1872,372309,2712
,201709,"berkshire, ma",349900,1150,95,200,4,184,180,2002,550824,1457
,201709,"norfolk, ma",599000,1556,43,972,12,644,285,2201,1023249,1805
,201709,"hampshire, ma",344250,569,74,156,0,160,185,1882,390343,618
,201709,"barnstable, ma",580000,2725,78,788,20,640,307,1915,972493,3095
,201709,"hampden, ma",233950,1257,57,496,12,428,142,1646,276783,1400
,201709,"suffolk, ma",746938,1066,37,804,8,340,641,1328,1320242,1193
,201709,"middlesex, ma",639900,2489,37,1868,40,892,285,2237,938228,2932
,201709,"franklin, ma",246000,288,81,64,0,80,137,1863,279763,313
,201709,"essex, ma",524000,1706,43,996,20,604,252,2102,773446,2041
,201709,"dukes, ma",1425000,221,99,32,0,24,625,2140,2288627,222
,201709,"nantucket, ma",2265000,80,86,12,0,4,945,2581,3729939,80
,201709,"bristol, ma",349000,1422,49,596,16,492,197,1821,430772,1651
,201709,"plymouth, ma",459900,1899,54,824,20,684,233,2000,591056,2132
,201708,"franklin, ma",249975,298,73,84,0,72,139,1896,288612,324
,201708,"nantucket, ma",2306250,82,66,24,0,10,1025,2585,3816365,82
,201708,"hampden, ma",234950,1255,54,592,8,472,143,1647,279552,1404
,201708,"worcester, ma",319900,2208,50,1196,42,730,172,1882,377297,2526
,201708,"hampshire, ma",341250,570,66,196,4,182,185,1891,388185,625
,201708,"plymouth, ma",469950,1867,59,812,18,636,236,2006,613965,2125
,201708,"suffolk, ma",773500,930,45,496,14,238,654,1321,1361326,1063
,201708,"dukes, ma",1398000,217,93,46,0,16,617,2195,2163136,218
,201708,"berkshire, ma",349975,1178,88,204,4,172,179,2003,555873,1490
,201708,"barnstable, ma",589000,2661,80,726,22,582,306,1941,965227,3040
,201708,"bristol, ma",349900,1379,49,700,20,418,195,1829,444135,1562
,201708,"essex, ma",534225,1645,46,1014,20,526,250,2170,771303,1970
,201708,"middlesex, ma",632450,2302,45,1602,36,684,277,2277,932659,2718
,201708,"norfolk, ma",599900,1399,51,800,26,422,283,2278,1047723,1628
,201707,"plymouth, ma",479000,1885,52,892,28,564,237,2030,624700,2162
,201707,"essex, ma",549000,1717,40,1036,8,584,250,2203,787802,2058
,201707,"dukes, ma",1397000,201,90,24,4,12,615,2185,2094447,204
,201707,"norfolk, ma",619900,1512,44,860,28,440,287,2282,1046151,1775
,201707,"barnstable, ma",595000,2649,72,660,36,532,308,1944,952206,3040
,201707,"franklin, ma",249450,291,65,96,0,76,143,1880,290937,332
,201707,"hampshire, ma",340400,567,61,224,4,156,182,1920,382148,632
,201707,"hampden, ma",239000,1215,48,592,8,428,144,1661,280154,1383
,201707,"suffolk, ma",779000,983,36,548,8,252,660,1379,1369460,1120
,201707,"middlesex, ma",649900,2357,39,1592,36,656,281,2343,961436,2799
,201707,"nantucket, ma",2580000,61,65,8,0,4,1119,2594,4312968,61
,201707,"worcester, ma",325000,2141,46,1216,32,640,171,1900,380221,2459
,201707,"berkshire, ma",350000,1183,75,232,0,220,180,2000,565521,1499
,201707,"bristol, ma",349900,1351,46,684,28,448,194,1850,460538,1535
,201706,"suffolk, ma",760700,995,30,1014,4,326,669,1339,1374622,1217
,201706,"hampshire, ma",337050,542,53,252,2,152,182,1909,376371,614
,201706,"hampden, ma",237375,1189,41,694,6,424,145,1658,278121,1366
,201706,"plymouth, ma",479000,1856,46,1096,26,588,236,2018,623096,2168
,201706,"essex, ma",552575,1693,36,1364,22,562,250,2190,789632,2103
,201706,"bristol, ma",349900,1311,45,808,14,424,193,1839,461594,1520
,201706,"berkshire, ma",351010,1137,67,256,8,172,180,1995,572860,1431
,201706,"barnstable, ma",591950,2671,65,706,28,582,309,1911,943070,3094
,201706,"dukes, ma",1458750,186,88,38,0,18,651,2192,2314991,192
,201706,"franklin, ma",249450,296,54,104,0,66,140,1820,289791,326
,201706,"middlesex, ma",649900,2576,31,2510,38,1000,284,2369,961030,3170
,201706,"nantucket, ma",2652500,53,56,26,0,4,1149,2692,4457827,53
,201706,"norfolk, ma",629750,1560,35,1196,22,556,287,2311,1055604,1891
,201706,"worcester, ma",329900,2148,41,1450,44,702,171,1925,383704,2520
,201705,"nantucket, ma",2697500,44,50,8,0,0,1143,2633,4006352,44
,201705,"franklin, ma",247000,278,50,126,0,50,135,1838,288285,317
,201705,"hampshire, ma",335500,518,44,274,4,120,179,1919,366680,595
,201705,"dukes, ma",1522500,172,107,44,0,6,680,2336,2370223,180
,201705,"worcester, ma",319900,2016,42,1504,44,626,169,1887,376835,2445
,201705,"norfolk, ma",649450,1442,30,1332,16,460,290,2334,1081931,1808
,201705,"berkshire, ma",349350,1062,72,308,4,130,176,1979,574667,1348
,201705,"hampden, ma",229624,1113,39,766,12,350,144,1635,275747,1301
,201705,"middlesex, ma",649450,2323,25,2420,44,688,283,2363,974687,2933
,201705,"plymouth, ma",469900,1721,45,1108,22,520,237,2002,618439,2058
,201705,"barnstable, ma",589700,2600,65,930,26,528,312,1895,949036,3028
,201705,"essex, ma",554500,1514,30,1306,14,388,252,2190,795264,1917
,201705,"suffolk, ma",754225,877,24,970,4,210,671,1375,1410752,1107
,201705,"bristol, ma",349900,1275,40,764,40,368,194,1861,454425,1482
,201704,"hampshire, ma",329900,475,51,248,4,88,178,1900,358734,547
,201704,"berkshire, ma",345000,966,97,240,4,88,175,2016,584607,1209
,201704,"franklin, ma",246500,247,74,112,0,44,136,1876,287964,280
,201704,"nantucket, ma",2750000,37,37,16,0,0,1229,2421,4251075,37
,201704,"middlesex, ma",649900,2062,28,2504,20,500,276,2397,995985,2520
,201704,"worcester, ma",319900,1889,41,1316,36,468,169,1896,375281,2222
,201704,"plymouth, ma",469000,1521,45,996,36,332,235,2006,617153,1795
,201704,"suffolk, ma",749999,766,30,920,8,144,675,1330,1445153,973
,201704,"essex, ma",549900,1275,34,1220,16,320,252,2208,799197,1605
,201704,"norfolk, ma",649000,1285,32,1268,20,312,289,2384,1109757,1576
,201704,"hampden, ma",221000,1003,45,624,4,304,139,1620,266680,1152
,201704,"barnstable, ma",599000,2401,73,852,16,376,317,1904,998522,2833
,201704,"bristol, ma",349900,1145,51,728,16,296,193,1872,463240,1308
,201704,"dukes, ma",1412000,166,115,36,0,12,672,2270,2277786,170
,201703,"norfolk, ma",649950,1169,38,1016,8,290,288,2396,1115702,1459
,201703,"nantucket, ma",2700000,22,129,4,0,0,1304,2254,4481810,22
,201703,"franklin, ma",243950,235,99,86,0,36,133,1872,283257,253
,201703,"berkshire, ma",334725,928,136,172,0,78,172,2016,593217,1134
,201703,"bristol, ma",347425,1087,60,592,20,218,191,1862,464031,1248
,201703,"hampden, ma",210175,974,58,484,6,254,133,1592,258301,1101
,201703,"dukes, ma",1350000,156,147,20,0,4,656,2240,2246514,161
,201703,"barnstable, ma",592450,2320,110,698,30,286,315,1899,1000864,2781
,201703,"plymouth, ma",457000,1439,51,810,50,264,231,1986,597118,1684
,201703,"worcester, ma",304900,1815,54,1180,44,488,166,1853,363264,2131
,201703,"suffolk, ma",773000,686,33,758,10,148,671,1355,1465160,862
,201703,"essex, ma",538000,1212,47,1010,8,234,254,2146,789505,1510
,201703,"hampshire, ma",321850,438,65,190,0,74,177,1855,353868,490
,201703,"middlesex, ma",649450,1766,33,1934,42,372,274,2398,1004507,2215
,201702,"hampden, ma",194450,1012,73,384,12,240,130,1553,247236,1115
,201702,"middlesex, ma",612200,1608,47,1240,28,294,268,2320,973482,1943
,201702,"franklin, ma",227000,226,113,46,0,28,132,1766,260085,243
,201702,"dukes, ma",1362500,145,149,20,0,8,666,2148,2328921,151
,201702,"bristol, ma",332448,1100,77,502,12,230,188,1801,447274,1246
,201702,"berkshire, ma",325000,934,144,108,0,72,169,1983,579619,1114
,201702,"hampshire, ma",306000,408,102,102,2,52,173,1800,342145,439
,201702,"suffolk, ma",792000,622,39,510,2,106,683,1388,1587432,755
,201702,"nantucket, ma",2800000,19,115,6,0,0,1304,2240,4666737,19
,201702,"plymouth, ma",444450,1380,73,690,24,214,224,1952,563905,1562
,201702,"worcester, ma",296450,1804,73,824,16,366,164,1800,353606,2030
,201702,"norfolk, ma",634450,1059,57,680,18,192,286,2344,1095843,1240
,201702,"essex, ma",534225,1145,72,598,18,222,249,2101,770796,1365
,201702,"barnstable, ma",579925,2195,121,592,36,270,313,1870,1003583,2656
,201701,"essex, ma",499450,1202,80,618,12,234,242,2015,732816,1377
,201701,"dukes, ma",1300000,155,136,26,0,10,630,2139,2296822,160
,201701,"suffolk, ma",712450,637,62,436,6,126,648,1399,1511173,742
,201701,"franklin, ma",229450,237,108,42,0,34,132,1766,257077,248
,201701,"plymouth, ma",439450,1374,86,564,26,254,224,1935,557536,1517
,201701,"hampden, ma",189900,1057,78,374,6,296,130,1529,239523,1142
,201701,"bristol, ma",329450,1161,87,456,16,252,186,1796,444904,1254
,201701,"hampshire, ma",312385,417,101,108,2,56,171,1800,339385,445
,201701,"barnstable, ma",559000,2196,119,438,10,262,308,1850,983174,2564
,201701,"berkshire, ma",299900,982,133,110,0,96,167,1920,552634,1150
,201701,"middlesex, ma",594450,1638,73,1098,42,368,264,2227,968954,1888
,201701,"nantucket, ma",2595000,19,149,2,0,0,1296,2240,4363550,19
,201701,"worcester, ma",289400,1873,81,728,24,442,161,1800,348626,2045
,201701,"norfolk, ma",594200,1065,79,634,12,230,280,2255,1061805,1223
,201612,"hampden, ma",195000,1202,71,320,8,236,131,1547,241442,1297
,201612,"worcester, ma",295000,2076,73,508,36,372,160,1828,350332,2266
,201612,"nantucket, ma",2395000,23,148,0,0,0,1071,2240,3775640,23
,201612,"essex, ma",499000,1391,71,484,16,212,238,2053,728981,1599
,201612,"berkshire, ma",310000,1107,123,68,0,88,167,1912,549673,1295
,201612,"barnstable, ma",549000,2460,106,308,12,176,300,1848,938880,2883
,201612,"suffolk, ma",650000,749,55,260,8,96,569,1377,1386234,837
,201612,"middlesex, ma",597000,1820,71,620,24,296,263,2271,908595,2079
,201612,"plymouth, ma",444950,1551,80,392,12,192,226,1944,566892,1720
,201612,"norfolk, ma",588000,1237,75,380,16,200,280,2256,1013683,1409
,201612,"hampshire, ma",296000,466,96,76,8,52,166,1800,332491,514
,201612,"franklin, ma",230000,280,101,36,8,28,134,1809,269053,291
,201612,"bristol, ma",329900,1263,76,344,16,188,186,1797,452957,1361
,201612,"dukes, ma",1375000,183,148,8,0,4,614,2241,2374576,186
,201611,"dukes, ma",1385000,203,137,18,0,10,645,2241,2343356,207
,201611,"franklin, ma",239900,329,92,70,2,52,136,1837,272682,343
,201611,"nantucket, ma",2297500,29,132,2,0,2,932,2240,3260465,29
,201611,"essex, ma",504950,1790,56,712,14,492,239,2130,729941,2051
,201611,"berkshire, ma",313575,1230,119,120,4,114,167,1946,539962,1440
,201611,"barnstable, ma",549000,2841,97,438,24,458,298,1861,923986,3389
,201611,"worcester, ma",299000,2470,62,844,36,706,159,1843,347029,2730
,201611,"hampden, ma",204900,1322,67,402,10,418,133,1585,248451,1421
,201611,"plymouth, ma",449000,1857,65,586,22,480,227,1961,571751,2060
,201611,"suffolk, ma",649450,926,41,542,12,268,565,1363,1269752,1072
,201611,"bristol, ma",332450,1437,64,468,16,354,188,1800,449744,1563
,201611,"norfolk, ma",590950,1637,59,660,22,504,279,2246,986181,1852
,201611,"middlesex, ma",597000,2484,54,1098,26,806,267,2282,879048,2898
,201611,"hampshire, ma",295625,597,86,146,0,150,166,1781,333410,647
,201610,"dukes, ma",1412000,206,128,36,0,12,664,2200,2290635,213
,201610,"berkshire, ma",303500,1373,108,148,0,180,164,1950,521284,1600
,201610,"barnstable, ma",549000,3144,90,652,20,640,298,1862,907497,3757
,201610,"franklin, ma",239900,366,96,60,0,96,134,1843,274585,397
,201610,"essex, ma",499900,2007,50,1000,24,668,236,2105,720517,2310
,201610,"middlesex, ma",599000,2846,42,1544,28,1044,268,2268,867951,3316
,201610,"hampden, ma",213000,1424,66,528,8,488,133,1612,252166,1541
,201610,"bristol, ma",339900,1511,62,560,20,436,190,1814,452646,1662
,201610,"suffolk, ma",649900,1011,32,712,12,344,551,1351,1258286,1159
,201610,"hampshire, ma",298500,636,85,164,4,192,168,1800,336267,685
,201610,"nantucket, ma",2330000,34,128,4,0,0,919,2310,3224771,34
,201610,"plymouth, ma",449900,2055,61,768,12,640,226,1973,575466,2310
,201610,"worcester, ma",299500,2679,58,1136,32,904,159,1884,352613,2973
,201610,"norfolk, ma",595000,1875,51,860,12,664,277,2261,975298,2137
,201609,"essex, ma",527000,1966,55,1106,18,664,236,2168,733104,2279
,201609,"plymouth, ma",453950,2094,60,914,12,646,226,2003,577832,2328
,201609,"suffolk, ma",649925,919,40,840,6,210,556,1357,1268223,1047
,201609,"barnstable, ma",549900,3222,94,760,18,654,300,1879,901446,3805
,201609,"middlesex, ma",599000,2893,47,2310,28,1144,266,2281,869477,3299
,201609,"hampden, ma",214900,1478,65,522,4,516,134,1611,252172,1608
,201609,"nantucket, ma",2597500,34,120,4,0,0,1124,2430,4230867,35
,201609,"franklin, ma",239450,387,84,100,2,92,136,1814,277427,416
,201609,"berkshire, ma",306375,1390,96,194,6,190,166,1942,507951,1669
,201609,"dukes, ma",1485000,206,117,32,0,32,670,2246,2310986,213
,201609,"hampshire, ma",299000,665,87,174,10,164,167,1799,335845,708
,201609,"bristol, ma",339900,1535,64,690,22,424,190,1816,452379,1686
,201609,"worcester, ma",299900,2681,59,1172,38,938,161,1898,358579,2955
,201609,"norfolk, ma",599000,1836,54,1144,20,648,277,2263,933537,2050
,201608,"suffolk, ma",649475,839,48,506,14,214,539,1353,1259046,969
,201608,"bristol, ma",339950,1561,65,652,20,382,189,1829,454450,1757
,201608,"franklin, ma",239900,384,77,94,0,86,137,1809,284096,410
,201608,"dukes, ma",1472500,210,111,40,2,22,670,2252,2320133,217
,201608,"norfolk, ma",599200,1696,59,822,40,424,275,2292,935838,1924
,201608,"hampshire, ma",299900,699,81,174,10,174,170,1825,342681,749
,201608,"plymouth, ma",459675,2079,61,796,22,634,226,2003,585209,2352
,201608,"essex, ma",529450,1938,54,1004,16,578,240,2169,746995,2269
,201608,"berkshire, ma",304500,1425,84,196,4,238,166,1946,493342,1690
,201608,"middlesex, ma",599000,2722,52,1594,40,768,262,2317,878529,3190
,201608,"worcester, ma",299900,2663,61,1136,24,810,160,1907,361001,3014
,201608,"hampden, ma",214900,1479,61,536,14,522,135,1604,255216,1602
,201608,"barnstable, ma",550000,3281,92,694,26,674,300,1892,910935,3822
,201608,"nantucket, ma",2330000,37,98,2,0,6,1210,2326,4109070,38
,201607,"worcester, ma",299900,2702,55,1100,68,816,160,1920,365718,3711
,201607,"barnstable, ma",555000,3261,84,624,28,700,302,1900,907901,3861
,201607,"hampshire, ma",299900,729,68,168,16,172,169,1819,340286,898
,201607,"essex, ma",529900,1956,51,952,64,620,240,2176,752309,2824
,201607,"bristol, ma",342400,1602,58,668,32,428,189,1839,453835,2060
,201607,"franklin, ma",245000,361,67,96,4,88,137,1825,285316,438
,201607,"plymouth, ma",450000,2088,57,856,52,604,226,2000,583285,2803
,201607,"dukes, ma",1282000,195,106,40,0,12,601,2176,2158342,201
,201607,"norfolk, ma",609000,1715,52,892,64,540,278,2331,943821,2402
,201607,"suffolk, ma",675000,901,43,632,36,280,541,1410,1250691,1309
,201607,"middlesex, ma",599759,2844,44,1804,100,932,262,2312,882705,4190
,201607,"berkshire, ma",319999,1398,74,304,8,204,167,1960,493356,1663
,201607,"hampden, ma",213000,1451,58,548,24,496,135,1601,255829,1822
,201607,"nantucket, ma",2130000,42,76,4,0,0,1060,2381,3995807,43
